id,domain,status,purchase_price,renewal_price,attractiveness,demand,length,registrar,created_at,expires_at,status_verified_at
bfeb4861-82ad-4952-955a-5cf09039ef1a,miceproof.expert,available,,,high,high,9,,,,
6b3bcc3d-58b3-423e-b6c4-276c507427aa,nazi.expert,available,8.98,82.48,high,low,4,namecheap,,,03/09/2026 13:40
6d6336b0-2f4a-4bd1-b5fe-11501f731c5a,darrin.expert,available,,,high,high,6,,,,
ae2945c5-118b-4bef-b826-195dc7fdf87a,agents.expert,resell,,,high,medium,6,"Global Domains International, Inc. DBA DomainCostClub.com",29/05/2026 15:15,29/05/2027 15:15,26/09/2026 01:26
bb2bff9f-c194-440c-bd4e-7e315c4610d8,cuffed.expert,available,,,high,low,6,,,,
cc82d1fe-286c-4e92-bfc4-aba91e9a10b7,dethatcher.expert,available,,,high,high,11,,,,
11e0d461-22b0-4437-ac4b-e1e97fdfbf59,talkfest.expert,available,,,high,high,8,,,,
6cc15346-055a-4484-b977-58092314e9cf,convertors.expert,available,,,medium,low,10,,,,
045230a6-d920-411e-98a4-79d0d8e1d058,suburbia.expert,available,,,high,high,8,,,,
624cc1de-1409-48e4-8224-aeba535755d2,suisse.expert,available,,,high,medium,6,,,,
ac02fc34-f773-4d3a-b372-fa4faa8348b5,specs.expert,available,,,high,high,5,,,,
744f9ed8-b704-429a-afff-afc251dd4882,atem.expert,available,,,high,high,4,,,,
9250d696-e771-48a7-b221-f0d275b44662,charmer.expert,available,,,high,high,7,,,,
cdebb5b4-1fc1-4a05-b98a-cfdba1e08c04,guidance.expert,premium,520,520,high,low,8,namecheap,,,24/09/2026 02:39
eb74ca34-195e-4345-b22b-5d060f94b719,symbiosis.expert,available,,,high,high,9,,,,
2ce8258d-7ad6-4702-81cb-972ef6323690,whitwick.expert,available,,,high,high,8,,,,
610f2a7f-17e6-440b-a11b-8fdd449bd297,colognian.expert,available,,,high,high,9,,,,
48b8501a-44d0-420e-9886-4b458f45437f,apb.expert,available,,,high,high,3,,,,
6c948d48-ce00-4fb4-a23b-031532fa0fd1,chickpea.expert,available,10.99,62.49,high,low,8,namesilo,,,24/09/2026 14:29
1776eab6-599d-4511-9c8e-7a59ccbf4a12,couldnt.expert,available,,,high,high,7,,,,
9c2c88f4-47fe-48e6-b08f-8cf8f70319e9,stormhunter.expert,available,,,high,high,11,,,,
d5422cfb-0de4-4516-aacc-9da41b604adb,scrubs.expert,available,,,high,high,6,,,,
737d87c2-be66-4a7b-904d-4d579df97778,cuatro.expert,available,,,high,high,6,,,,
2973d402-d1bd-405c-8a52-796a4857aa13,segmented.expert,available,8.98,82.48,high,low,9,namecheap,,,24/08/2026 21:43
ff18d3c3-a695-473b-ab3c-e156f58bfc8c,photonic.expert,available,,,high,medium,8,,,,
d41e7ec3-b7fd-4efb-a40b-42b89362dc3f,country.expert,premium,854,854,high,low,7,namesilo,,,
50d3b7c0-d39a-4224-97fb-634fad9d3d61,punjab.expert,available,,,high,medium,6,,,,
5394cda3-d97c-4a9b-a757-04ea75c4c057,watching.expert,available,11.99,,high,low,8,name.com,,,
e2503171-fb90-49a8-9599-ee4f9a7accd2,expenditures.expert,available,,,high,low,12,,,,
73c9841a-fbd6-4992-9ab8-c290a3ca8b66,reaffirming.expert,available,,,high,low,11,,,,
79f1d657-8cb8-4aa0-a116-924859b62288,exceedingly.expert,available,,,high,high,11,,,,
29556013-0851-4388-a39c-4dc29f35daf3,hendrix.expert,available,,,high,high,7,,,,
44ae03c0-22e0-45ac-808a-f1928ae3ae86,australasia.expert,available,,,high,high,11,,,,
ef7a6080-f68b-476a-8886-7b5f61eba97a,anguine.expert,available,8.98,82.48,medium,low,7,namecheap,,,
2e6c652a-cb82-4a4c-aa6f-5788b4a50fd9,pronounced.expert,available,10.99,62.49,high,low,10,namesilo,,,25/09/2026 16:53
177d31c0-e6f5-4fe0-b18a-751afc33cfaf,kurd.expert,available,,,high,high,4,,,,
5ebab40c-7644-48ce-8fc9-6a2aa2ce2945,actinoid.expert,available,8.98,82.48,high,low,8,namecheap,,,
37cd47a0-6fb0-44fe-849a-ff2befa07a0e,postulating.expert,available,,,high,high,11,,,,
5e9ec6d0-1ae1-4605-b416-92550cf98df9,chessboards.expert,available,,,high,low,11,,,,
163b5354-97ed-42e2-ae80-671647063f9d,undoubtful.expert,available,,,high,high,10,,,,
70852562-aa08-4b74-81ff-8daee849f095,rubs.expert,available,10.99,62.49,medium,low,4,namesilo,,,20/09/2026 09:37
947cfa85-8b6a-4549-9437-b211b42c9d1d,rousseau.expert,available,,,high,high,8,,,,
cc0659a4-0193-4696-b114-ce038c33b14f,toledo.expert,available,,,high,high,6,,,,
0fb530e1-0a1a-43e1-96b4-1651c7e919a7,educated.expert,available,10.99,62.49,high,low,8,namesilo,,,24/09/2026 13:27
ee66b7f6-7126-49fd-838e-f1c8da707ec9,betrothed.expert,available,8.98,82.48,high,low,9,namecheap,,,09/08/2026 18:07
96e2d001-a179-4157-8534-64daecab0dfa,nudges.expert,available,,,high,low,6,,,,
96f520a8-fa02-4fd7-b6b1-31b869b079ac,backstroke.expert,available,10.99,62.49,high,low,10,namesilo,,,21/09/2026 16:09
d90669a9-a2b8-49b5-95f9-21b994025b25,gorgias.expert,available,,,high,high,7,,,,
2b1fc3ae-824e-4739-93b4-b03b4adf76df,fodder.expert,available,11.99,79.99,high,low,6,name.com,,,24/09/2026 12:05
c681de72-4c84-44dd-af43-65eed92d85ec,eurybiotic.expert,available,,,medium,low,10,,,,
e9a0eaa6-b830-451a-a602-b61d9170d68e,webcasts.expert,available,,,high,low,8,,,,
9607a2bc-60c1-4dd1-b521-b6728e98b641,condoling.expert,available,,,high,medium,9,,,,
7f77fda3-147b-4701-9f87-48b1374cd235,breaststroke.expert,available,,,high,high,12,,,,
68f78d1c-45eb-4a10-aa10-c2b3e700d23f,peaty.expert,available,8.98,82.48,high,low,5,namecheap,,,08/09/2026 11:28
c4d540e0-9a1d-4452-ab2d-6d6ffafb48f2,stumps.expert,available,11.99,,high,low,6,name.com,,,
b1d698e5-a031-4193-98fa-289075e1dbd7,calorific.expert,available,8.98,82.48,high,low,9,namecheap,,,11/08/2026 15:12
051e0769-aa0f-4075-aa68-5e7a170c8dc2,sported.expert,available,10.99,62.49,high,low,7,namesilo,,,20/09/2026 16:50
ebceea97-2dba-45b5-acde-5127a4a20814,airwoman.expert,available,8.98,82.48,high,low,8,namecheap,,,17/09/2026 23:25
cd70dc34-99b4-40d3-a5a8-674866cd297e,alienable.expert,available,8.98,82.48,high,low,9,namecheap,,,
a17e687c-ab2d-477f-9b3e-e5d99a64c37b,auberge.expert,available,10.99,62.49,high,low,7,namesilo,,,21/09/2026 02:29
e73ed777-1e2c-492f-99e3-9fbb3b898b50,adversary.expert,available,10.99,62.49,high,low,9,namesilo,,,17/09/2026 10:44
e831e4ff-bc51-4515-8c4b-390082b820b4,decompress.expert,available,,,high,high,10,,,,
d1ef4172-7476-4896-b843-e6ec65ca4f82,inbuilt.expert,available,8.98,82.48,high,low,7,namecheap,,,11/08/2026 08:08
96615f7c-f445-4b03-95f5-be69dcf2eb44,trill.expert,available,,,high,high,5,,,,
b84e1553-b315-4848-a2c4-63220ca6242e,improvised.expert,available,8.98,82.48,high,low,10,namecheap,,,21/08/2026 23:19
0e8994d4-1d95-41da-8ffc-7a76b888b090,bucks.expert,available,10.99,62.49,high,low,5,namesilo,,,25/09/2026 13:26
501c3fb9-5e34-4172-ad3b-c6e552b02ffd,drowse.expert,available,,,high,high,6,,,,
f6bc6e01-aa7a-426c-85b3-c8274fa48bce,modeling.expert,available,10.99,62.49,high,low,8,namesilo,,,24/09/2026 15:25
4fe0761b-0d0a-4653-a32f-5efb730bca39,ana.expert,available,11.99,,high,low,3,name.com,,,
bba673fd-6e67-4138-810c-26b57d924673,mozzies.expert,available,,,medium,low,7,,,,
093a96ef-67c8-4267-8322-aef754a8b15c,asexually.expert,available,8.98,82.48,high,low,9,namecheap,,,13/09/2026 22:03
958c9cef-c5e3-4328-9a47-061d3c3a4fa7,gargantuan.expert,available,8.98,82.48,high,low,10,namecheap,,,16/08/2026 03:33
33b53f41-5831-44d8-b37f-049b06fa6b86,retentive.expert,available,8.98,82.48,high,low,9,namecheap,,,09/09/2026 11:47
237e5679-2da6-4718-b554-2dd6065027f7,harpullia.expert,available,,,high,high,9,,,,
87447b84-4dad-417b-9899-7300a1cadcd7,lagune.expert,available,,,high,high,6,,,,
0cd930ae-ec0a-4d32-8f6e-e617a6474beb,diverted.expert,available,8.98,82.48,high,low,8,namecheap,,,
a6fff2a5-fdce-429d-bee2-9e7929cbeed7,mignon.expert,available,,,high,high,6,,,,
ae23e1cb-8163-42dc-8915-8de997c829f4,describes.expert,available,,,high,low,9,,,,
8f18c2ec-c5b6-458f-917b-46b122d01ec1,influent.expert,available,8.98,82.48,high,low,8,namecheap,,,22/08/2026 04:36
58c35709-2f57-4922-8655-9e483eef5b57,sportify.expert,available,,,high,high,8,,,,
dcce4c57-5c45-4bf7-a7ad-1e89697acbc9,ballotades.expert,available,,,medium,low,10,,,,
2cce112e-3c9c-4d8a-8660-0af367eabf94,thrice.expert,available,10.99,62.49,high,low,6,namesilo,,,16/09/2026 08:59
1c05b341-5ba4-49da-b190-c17f1e399c08,padlocked.expert,available,,,medium,low,9,,,,
4d64d0c1-cf6f-4f3a-9058-95897b975738,samaritan.expert,available,,,high,high,9,,,,
2e6256da-c3be-4a41-b85f-8d9848640d4f,undertow.expert,available,,,high,high,8,,,,
c9da4471-9238-4ef6-904e-ac0ef1f3de81,boyhood.expert,available,,,high,high,7,,,,
73ab81eb-2560-4ffc-9ce9-6df061e75b7e,wrinkly.expert,available,8.98,82.48,high,low,7,namecheap,,,13/09/2026 13:47
d04b6876-0f04-470e-bd2d-8a56343b219b,unagi.expert,available,,,high,medium,5,,,,
e091bd28-19d3-4ae2-9c58-3d229994f2c9,gymkhana.expert,available,,,high,high,8,,,,
e56eeac9-b242-4d03-8d3e-c3575ae57e64,thresholds.expert,available,,,high,medium,10,,,,
e0033a07-9a89-4be9-9010-12863c827c56,hither.expert,available,8.98,82.48,high,low,6,namecheap,,,15/09/2026 00:48
4cae4512-1bd6-4c77-8108-849a817ac4b1,syndicate.expert,available,11.99,79.99,high,low,9,name.com,,,24/09/2026 17:30
4073dc1f-1730-4751-8bb8-4bd6e6474219,midtown.expert,available,,,high,high,7,,,,
3bc7a86d-873d-4a6d-b733-d479d4f0fafe,milled.expert,available,8.98,82.48,high,low,6,namecheap,,,24/08/2026 23:08
51c6fd4f-3386-4d11-8ad8-de4fe6a3cb0b,dustbins.expert,available,,,medium,low,8,,,,
8c70e048-6a8e-4737-b4bb-541e3e252d84,condela.expert,available,,,high,high,7,,,,
f2583796-0bf5-4c25-8c4a-11412291f87b,gentleman.expert,available,10.99,62.49,high,low,9,namesilo,,,25/09/2026 06:26
fe6172c9-0aa3-449b-856e-da352773a403,bavaria.expert,available,10.99,62.49,high,low,7,namesilo,,,22/09/2026 16:42
0df121e7-f281-4572-ac29-7d0a411f13fc,relishes.expert,available,,,high,low,8,,,,
2154238d-565f-48a0-96a0-92a85711c20e,whose.expert,available,11.99,,high,low,5,name.com,,,
3ff6118a-c002-4aee-b59b-707a3264bcf2,appaloosa.expert,available,8.98,82.48,high,low,9,namecheap,,,19/09/2026 19:45
265e7e6a-588a-4e78-bc23-5f7b68b6722a,supercompany.expert,available,,,high,high,12,,,,
eb46ff93-d18f-4a2e-94cb-fc06d6a23a98,acidolysis.expert,available,,,high,high,10,,,,
bcab06bd-3f86-4852-b9e6-5bf7965217df,unsavory.expert,available,8.98,82.48,medium,low,8,namecheap,,,14/08/2026 13:05
83eb49cf-d190-48d9-802f-c1efe346d126,awaken.expert,available,10.99,62.49,high,low,6,namesilo,,,22/09/2026 14:40
755f985e-44d7-4932-bca4-9d1bfff27b2c,pizazzy.expert,available,,,high,low,7,,,,
42089969-b2c7-42c3-9dd8-75491bbcf064,polyseme.expert,available,,,high,high,8,,,,
9d266ed0-4903-4e07-98bb-02cad806940d,abaft.expert,available,8.98,82.48,medium,low,5,namecheap,,,
5ab0fed9-8aaa-4db7-ae4f-c72620cd7820,tribade.expert,available,8.98,82.48,high,low,7,namecheap,,,23/08/2026 00:20
3b5df807-52ba-4c19-a813-eeed5f60dad0,saki.expert,available,,,high,high,4,,,,
f6575029-eaa2-4457-b8bc-0f144ce3db1c,landless.expert,available,8.98,82.48,high,low,8,namecheap,,,22/08/2026 19:24
ebf1688e-70d6-47ef-b1e7-032177b62ce6,ureter.expert,available,,,high,high,6,,,,
2c956fc4-04e3-4b23-a1bd-5a955d44232b,vase.expert,available,,,high,high,4,,,,
135b96a6-0195-47d1-8966-de08526fa48d,congregationalist.expert,available,,,high,high,17,,,,
64b3fe06-d637-44e0-b980-5173ec5b5d27,adornment.expert,available,10.99,62.49,high,low,9,namesilo,,,17/09/2026 09:46
10e4a157-9650-4f76-b5eb-7372a0745ee9,relapsing.expert,available,8.98,82.48,high,low,9,namecheap,,,09/09/2026 16:17
bca69dfd-1176-4cec-876d-3ad001575574,keyboarding.expert,available,,,high,low,11,,,,
f837f3da-e4b9-47fb-a945-7ac56637be68,rethought.expert,available,,,high,high,9,,,,
1f0b0639-e14f-4502-b8c0-9bd3086c7fbd,chi.expert,available,,,high,high,3,,,,
5cd47cb8-d621-47d1-b9d3-b97426bbeae1,ceaseless.expert,available,8.98,82.48,high,low,9,namecheap,,,11/08/2026 23:01
648f6572-6f4d-4700-be03-35dbe4349455,unsalted.expert,available,8.98,82.48,medium,low,8,namecheap,,,12/09/2026 18:45
7a89fe21-fabd-49f8-a178-263ebf27cc22,touchy.expert,available,8.98,82.48,high,low,6,namecheap,,,21/08/2026 14:42
9abfa926-8e6d-4d0f-b542-d5dc7b23f7de,postbuild.expert,available,,,high,high,10,,,,
c74bff4f-349e-4f4c-a12f-26f9cd920eb2,salwar.expert,available,,,high,high,6,,,,
f4c9fdc8-07c5-409a-a193-a02f7708e49e,aude.expert,available,,,high,high,4,,,,
beb5a967-3cb0-4a2f-afbe-7eaefaa61c74,choosing.expert,available,,,high,high,8,,,,
29a31642-302c-44e8-a3e8-1453f30db0a2,melon.expert,available,,,high,high,5,,,,
914681d8-e9cd-45ed-ba46-abe44b83e211,iridescent.expert,available,8.98,82.48,high,low,10,namecheap,,,12/08/2026 03:15
9b7f4ee4-705a-4aed-92cd-77e9591d130a,fuzzed.expert,available,8.98,82.48,medium,low,6,namecheap,,,18/08/2026 19:20
4a434cd9-f533-49e9-acdb-c04a69b0cf1a,klauss.expert,available,,,high,high,6,,,,
bb72aa45-ead9-4639-8b04-7102f62414da,stubbornly.expert,available,8.98,82.48,high,low,10,namecheap,,,14/09/2026 10:12
e2628fd3-3e5d-4a7e-9287-7dd38e2d8bcf,parmigiano.expert,available,,,high,low,10,,,,
49b69b59-52cb-4659-911f-7065af0b0791,ebenefits.expert,available,,,high,low,10,,,,
c8b4662e-ab63-474b-ac9e-9570c118a60f,bullheaded.expert,available,8.98,82.48,medium,low,10,namecheap,,,11/08/2026 08:30
2e1e2961-2641-42c4-8a3d-b84de0cb6cb7,revises.expert,available,,,medium,low,7,,,,
255a41fc-1f9b-4f76-aa24-e4252a4f1255,pranks.expert,available,,,high,low,6,,,,
fb0bac7a-41be-4356-b9a0-12a440201e1c,calves.expert,available,,,high,low,6,,,,
e999bca8-99a9-4c4b-bcff-7f79ecea9c81,tate.expert,available,10.99,62.49,high,low,4,namesilo,,,18/09/2026 10:50
42c89bfa-aab1-4aa5-87ad-e9d8931da182,leaseholds.expert,available,,,high,low,10,,,,
cd232cf2-bf28-4c41-8b6a-c049fb394137,arbitrager.expert,available,10.99,62.49,medium,low,10,namesilo,,,20/09/2026 00:30
7dadf553-ab29-493e-a061-2da9df8e8e6d,prefigure.expert,available,10.99,62.49,high,low,9,namesilo,,,21/09/2026 03:35
abc941b8-c623-4e47-b331-6d4aee0c27dc,shortly.expert,available,11.99,,high,low,7,name.com,,,
244d3194-0c8e-4656-90d3-8dffa74a60cc,comedically.expert,available,,,high,high,11,,,,
267ae746-07d1-42d8-9c5c-d382cf59a172,communicating.expert,available,,,high,low,13,,,,
9f9b8378-0ea9-4623-81e6-b21b61c7e3a2,lauri.expert,available,,,high,high,5,,,,
02e068f5-e16a-4cf0-8e02-4573f4a395da,adware.expert,available,,,high,high,6,,,,
9b862b6e-895c-4c16-9200-99e32de137e3,forenoon.expert,available,,,high,high,8,,,,
97f5461c-7c6d-4e9f-8045-ef680b08349f,byproduct.expert,available,,,high,high,10,,,,
dd13588b-a159-4b27-ac96-b798329eb9b9,lakeshore.expert,available,,,high,high,9,,,,
4f793b19-53f9-4251-b681-b353aa8658f1,benzoin.expert,available,10.99,62.49,high,low,7,namesilo,,,20/09/2026 12:33
2ea91b64-52b8-46f7-b1d3-303e2469f049,adorer.expert,available,10.99,62.49,high,low,6,namesilo,,,17/09/2026 09:45
696e4044-f0b8-4938-981e-2a34a37d6dd5,yearnings.expert,available,,,high,low,9,,,,
e3ee4e83-aaa0-4342-b533-8c3eb1bc9c2a,bedeman.expert,available,,,high,high,7,,,,
be028eaa-83be-408d-a4b1-fb5d0a1db1cd,animanga.expert,available,,,high,high,8,,,,
7caff0d7-c6dc-44ca-9347-998952b868a6,abyssal.expert,available,8.98,82.48,high,low,7,namecheap,,,
26018f61-0bdc-4912-a17b-4b4e7e7d34cd,ballplayer.expert,available,8.98,82.48,high,low,10,namecheap,,,21/09/2026 23:25
c25de954-713f-4194-ae5d-07ade00d57c5,quahaug.expert,available,,,high,high,7,,,,
e8381d8e-614a-49c3-9885-c61ff6d7a0a9,abruptly.expert,available,11.99,79.99,medium,low,8,name.com,,,13/08/2026 19:17
ef85cffa-6cac-4d18-9daa-e7e2f7ad48bb,silence.expert,available,10.99,62.49,high,low,7,namesilo,,,26/09/2026 00:17
03bbcb8b-03b1-4621-b297-72078c9f7960,barmaid.expert,available,10.99,62.49,high,low,7,namesilo,,,22/09/2026 06:36
e1630dcc-862b-4dc5-8003-103939410567,palestinian.expert,available,,,high,high,11,,,,
635f58c6-389c-421b-bb51-f7bcd24435bf,france.expert,available,,,high,high,6,,,,
4adab34a-7c1b-493a-8ccc-82bbd9bdb304,pondlife.expert,available,,,high,high,9,,,,
cfc832b9-0573-479d-a766-7788e44e5b19,indicators.expert,available,,,high,medium,10,,,,
94a21b36-1a5c-45d4-8bde-8a88f172c648,abortive.expert,available,8.98,82.48,high,low,8,namecheap,,,
e4ea0e33-118c-40df-a5b0-c925d5f99b4c,isolate.expert,available,,,high,high,7,,,,
613cb8cb-ed66-4361-a556-53f5adf6056e,viceadmiralty.expert,available,,,high,high,14,,,,
099e88a7-45c4-4874-b1ce-26ca592bc717,adjective.expert,available,8.98,82.48,high,low,9,namecheap,,,
08098b86-cf16-4656-9aa8-1a015d959451,hated.expert,available,8.98,82.48,high,low,5,namecheap,,,14/08/2026 04:14
ec010372-c1b6-4a37-ba81-e9696ef39dd8,brennan.expert,available,10.99,62.49,high,low,7,namesilo,,,25/09/2026 21:53
25be349a-48d0-42b0-b0ed-8ab7106d6f64,arctan.expert,available,10.99,62.49,high,low,6,namesilo,,,20/09/2026 01:31
f2ee6a2c-dd3c-4df1-b1e3-b492cc02bd34,snowsuit.expert,available,,,high,high,8,,,,
da2a4535-b197-450f-be64-2c9617756f02,atalante.expert,available,,,high,high,8,,,,
46899a52-8c6e-4171-82aa-56d99c6fa94b,steuben.expert,available,10.99,62.49,high,low,7,namesilo,,,22/09/2026 07:05
d37dd15c-eaab-4cee-b812-08d4904dfe1f,rebuff.expert,available,8.98,82.48,high,low,6,namecheap,,,10/09/2026 10:49
55a50c45-d4b1-4f27-8888-b29d72d69d92,carbonize.expert,available,,,high,high,9,,,,
2fb55e80-271a-431f-8136-ba53ae5d9e5f,reattached.expert,available,,,medium,low,10,,,,
2452b498-77d4-40d9-8610-5da6bc97fb1d,tranquilizer.expert,available,,,high,high,12,,,,
392f6948-9cf6-4104-888e-07a2b4662fae,estimates.expert,available,10.99,62.49,high,low,9,namesilo,,,20/09/2026 04:10
f07ad87c-ca60-481e-90dc-5cb201b5330d,orgasms.expert,available,,,high,low,7,,,,
6ea275c8-d703-40a5-a612-b4c26d6db63f,reconfirmed.expert,available,,,high,low,11,,,,
62513b30-89ac-4054-865f-52179b8652f5,secured.expert,available,11.99,,high,low,7,name.com,,,
9d82623a-da67-413c-a057-981b68891688,teledu.expert,available,,,high,high,6,,,,
3021e2ab-dacc-4b22-819f-b4e1b7343929,oversized.expert,available,8.98,82.48,high,low,9,namecheap,,,04/09/2026 19:45
71ced83e-140f-4823-bbe3-08bf9e9bfea9,pharynx.expert,available,,,high,high,7,,,,
9e851223-3cb0-4000-9f99-4cf980953621,untanned.expert,available,8.98,82.48,medium,low,8,namecheap,,,12/09/2026 21:00
a42100f0-9af9-481b-a179-13e5563228f0,unbending.expert,available,8.98,82.48,high,low,9,namecheap,,,12/09/2026 01:48
9a30fbd2-3b1c-41bc-95b9-33a72a9cc341,unwise.expert,available,8.98,82.48,high,low,6,namecheap,,,12/09/2026 22:42
f98cfb10-43ed-4685-8703-118980d0e61a,legible.expert,available,8.98,82.48,high,low,7,namecheap,,,22/08/2026 22:59
b17039f2-c44b-43b3-adaf-9063245e3659,duck.expert,premium,1000,1000,high,low,4,name.com,,,
d567b31f-4393-40d7-beaf-b6ab5d25ddb5,bottlefeeding.expert,available,,,high,low,13,,,,
d048f97e-39de-4a35-ac88-20e85632f1d8,slavery.expert,available,8.98,82.48,high,low,7,namecheap,,,10/09/2026 10:30
12ff18c8-3215-4e58-bdf4-845a54f60a3f,cleared.expert,available,10.99,62.49,high,low,7,namesilo,,,21/09/2026 14:48
8ba613db-62f7-433a-a99f-954e803c66c7,squealer.expert,available,8.98,82.48,high,low,8,namecheap,,,23/09/2026 11:32
1167e278-6077-4933-ba8b-0eb711f8ecb1,mesonic.expert,available,8.98,82.48,high,low,7,namecheap,,,24/08/2026 21:09
b8ae8a32-af2b-4647-803b-2260ab8bc5ae,xlvi.expert,available,8.98,82.48,high,low,4,namecheap,,,
65a4f2f5-0233-4082-8207-1cc61bbf9aca,lambent.expert,available,8.98,82.48,high,low,7,namecheap,,,
a1bafa94-d684-4280-a1f5-633377032808,pettily.expert,available,8.98,82.48,medium,low,7,namecheap,,,15/09/2026 19:44
21931de4-0c70-4202-8f10-328472ca2607,cheesemaking.expert,available,,,high,high,12,,,,
fe0e474e-3410-48c4-a092-47aec5375fb9,ordnance.expert,available,10.99,62.49,high,low,8,namesilo,,,20/09/2026 11:44
630cf0d1-c1e3-4590-b0e4-ba3be2b36393,ale.expert,premium,118.8,118.8,high,low,3,namesilo,,,
feb54e75-f6a5-4f3f-91e9-09b349d48c1d,remonstrance.expert,available,,,high,low,12,,,,
c9da8910-7f40-4894-8dd5-52b38d04f566,unrestricted.expert,available,,,high,high,12,,,,
c7254ce2-bb34-4aed-a044-5ea4b31bbd57,shane.expert,available,10.99,62.49,high,low,5,namesilo,,,26/09/2026 03:35
64ef19fd-8bd7-4fe6-adc4-152327c30fe0,superoxide.expert,available,,,high,high,10,,,,
cd5d88c7-911d-48af-82bf-d92de9d96e12,reacceleration.expert,available,,,high,high,14,,,,
762361c1-9629-4824-ad8d-6c857bd79387,foyer.expert,available,10.99,62.49,high,low,5,namesilo,,,19/09/2026 12:45
e5599641-16ba-4d9b-81f0-0e2428f0d1cd,specify.expert,available,,,high,high,7,,,,
0f59fdee-d6af-49d5-985c-bdbac1a04c08,snowstorms.expert,available,10.99,62.49,medium,low,10,namesilo,,,19/09/2026 21:56
a5c20767-36bc-43a9-9c98-c82a2e9bcef9,approbate.expert,available,,,high,high,9,,,,
5fe216c0-885d-41d1-902a-4c22d3e81d21,chapeau.expert,available,,,high,high,7,,,,
1467b242-2bb0-4077-8eaf-2b81c47320e4,steenie.expert,available,,,high,high,7,,,,
5b19b688-f018-47bd-a2f7-8a60794b2c70,zithromax.expert,available,10.99,62.49,high,low,9,namesilo,,,21/09/2026 11:16
e27c5476-71fb-452a-b2a5-753aa475e246,conscript.expert,available,,,high,high,9,,,,
778e21b9-33c0-43f9-b365-b45bce4cabb7,knesseth.expert,available,,,high,high,8,,,,
fc6b424b-0e53-4649-b797-f9ea71086bde,dissonant.expert,available,8.98,82.48,high,low,9,namecheap,,,07/08/2026 12:26
607b8815-e628-478a-80ca-a32a57d1f54e,leela.expert,available,,,high,high,5,,,,
1967af2f-568c-4381-8c10-46de0ea6ccdd,solver.expert,available,,,high,high,6,,,,
86b8ded9-ca47-4c58-83b9-27b4fe0a0e1d,parthian.expert,available,8.98,82.48,high,low,8,namecheap,,,08/09/2026 01:59
6a959764-0260-471e-bd17-677672abfdd7,juggernauts.expert,available,,,high,low,11,,,,
c99a82b4-480f-491a-b4fc-2d20a84c4edb,bionic.expert,available,8.98,82.48,high,low,6,namecheap,,,10/08/2026 02:17
532fab5f-6a7f-449b-ac9e-e2ba9cb13ad5,teflon.expert,available,,,high,high,6,,,,
97c6bdba-a8f0-4a30-866c-ed4db218d7f6,cinq.expert,available,,,high,high,4,,,,
d2594aa2-28fd-4358-acf1-12636b218733,folly.expert,available,10.99,62.49,high,low,5,namesilo,,,23/09/2026 11:19
80dc55e4-e92f-4b6f-aa7e-7d95b113c005,titivate.expert,available,8.98,82.48,high,low,8,namecheap,,,10/09/2026 16:59
4a28082d-0b0f-4968-bfcd-625846609dfa,harborage.expert,available,,,high,high,9,,,,
6af72803-ce20-44de-831a-a06478d6ff96,softback.expert,available,8.98,82.48,high,low,8,namecheap,,,05/09/2026 01:13
d210ef70-8918-4a9e-b23c-60247ad2a707,pollinizer.expert,available,,,high,high,10,,,,
6d9ffb2e-9266-4175-84a5-8a71b5a296cd,indoors.expert,available,8.98,82.48,high,low,7,namecheap,,,22/08/2026 07:03
b01d53d4-aed0-4301-b2e5-5d10d75a4703,dvdram.expert,available,,,high,high,7,,,,
518a5cfb-e36d-4ceb-a253-5cb72d2ac59e,wordwise.expert,available,,,high,high,8,,,,
587af487-2fa3-4e8a-94f2-c4bde02a030c,fella.expert,available,,,high,high,5,,,,
d360e27e-1af4-4df0-af9f-11ca9f2196b1,deficit.expert,available,11.99,,high,low,7,name.com,,,
ff5630ab-fd2c-413a-8de3-5b612b85f146,accredition.expert,available,,,high,high,11,,,,
2692865f-a73a-4fa1-9455-a40bd4c983fa,withstand.expert,available,,,high,high,9,,,,
e451860a-c861-4793-85e2-a84a23eba06d,cured.expert,available,8.98,82.48,high,low,5,namecheap,,,13/08/2026 01:35
520a82c2-1de6-4bbd-acc9-e3d03473ac42,fillets.expert,available,,,medium,low,7,,,,
3f9fff3c-6286-45ca-ba80-b28c2066317c,codeine.expert,available,,,high,high,7,,,,
3154a1f1-aa1c-422a-93eb-a3d98fc8cf4e,efficient.expert,available,10.99,62.49,high,low,9,namesilo,,,25/09/2026 22:12
e6eddd76-7c8e-4738-a798-2d1eee2b923d,possibilism.expert,available,,,high,low,11,,,,
66666937-89cf-40c6-9f34-f28eb3276fd9,biosurveillance.expert,available,,,high,low,15,,,,
750062ba-9fc8-45af-ad79-678952bbabd1,snapper.expert,available,,,high,high,7,,,,
ff25d765-d681-4a98-acbf-c0feb62dd43a,sambuca.expert,available,,,high,high,7,,,,
9c8a628e-e05c-48fc-913e-f6a81bc7a1df,grandpas.expert,available,10.99,62.49,high,low,8,namesilo,,,21/09/2026 09:18
467c608c-f789-40d2-9151-5fff797288e2,buckingham.expert,available,10.99,62.49,high,low,10,namesilo,,,25/09/2026 12:25
a8e08d1a-0f11-460a-9fd6-f9ea30d2285a,anatidae.expert,available,10.99,62.49,high,low,8,namesilo,,,19/09/2026 03:26
d7785af1-d454-4025-94f0-2f6f1af33f02,augsburg.expert,available,,,high,high,8,,,,
d443533a-6992-4cf6-9035-1dbaf27446a3,clarion.expert,available,8.98,82.48,high,low,7,namecheap,,,12/08/2026 09:38
de39e6d2-cb31-4b97-97a7-5fd45bec1563,neighed.expert,available,,,medium,low,7,,,,
b8c041f6-def6-4d73-b07b-779e68ab2020,loupe.expert,available,,,high,high,5,,,,
94299acf-0cbe-46b0-a9fe-7744d9bcee4d,parametrizing.expert,available,,,medium,low,13,,,,
5a653934-df0f-4662-9207-9526fa9cade5,exploited.expert,available,8.98,82.48,high,low,9,namecheap,,,08/09/2026 15:46
c0e01925-a094-450d-8ea3-e10230012218,womanhead.expert,available,,,high,high,9,,,,
f780f16f-2371-4d6b-93d3-b766475a9f2d,fowkes.expert,available,,,high,high,6,,,,
c255304e-3116-465e-96fd-1d3d03df23f7,restriction.expert,available,11.99,,high,low,11,name.com,,,
780c0a48-fab2-4968-a354-64f66a8e8c45,bellcast.expert,available,,,high,high,8,,,,
790a4654-8ddf-4df1-a23b-7ff2559ad9ee,naturalized.expert,available,,,high,high,11,,,,
3f231028-5dae-4de6-8b6d-a4c100cdf472,mossad.expert,available,,,high,high,6,,,,
ba2ee78c-083b-464a-a19a-39a5c0b903be,sunshield.expert,available,,,high,high,9,,,,
a63277b0-89a4-46e8-86eb-b2841ab6ffa5,blair.expert,available,8.98,82.48,high,low,5,namecheap,,,19/09/2026 13:36
90a67f7c-d190-42a7-b1be-c5ed00a1b275,realigning.expert,available,,,high,high,10,,,,
f46ad1fe-e0db-4764-8426-f004b1fa4a25,yorktown.expert,available,,,high,high,8,,,,
c9c5003d-ba2b-49ff-a6f9-8ca1a7afb6f4,unsurpassed.expert,available,,,high,high,11,,,,
f6c12de2-c998-4d1f-9760-dbafcb8090da,algae.expert,available,10.99,62.49,high,low,5,namesilo,,,18/09/2026 06:48
2b952172-63f4-4daf-a578-d577fe341181,waltz.expert,available,,,high,high,5,,,,
a131eb25-8900-4710-88a6-51e2dc8ce08a,boj.expert,available,,,high,high,3,,,,
a9a4f4a2-75ed-4b25-8c3b-f9ecbf9d1c4f,cerium.expert,available,8.98,82.48,high,low,6,namecheap,,,14/09/2026 06:07
62c9a890-2f09-428b-8919-08b3b35530f1,infectiously.expert,available,,,high,high,12,,,,
806301a9-c409-4a24-85b7-1c0a1d909d0e,allargando.expert,available,8.98,82.48,medium,low,10,namecheap,,,
b4965245-0c5a-47a4-b0c7-203cc423ef08,stennian.expert,available,,,high,high,8,,,,
bce2cb53-6093-4e07-a89b-16f0e281f8ee,baryta.expert,available,10.99,62.49,high,low,6,namesilo,,,22/09/2026 09:42
b0c2d73b-5156-4d9b-a834-c42f68f18916,weighty.expert,available,8.98,82.48,high,low,7,namecheap,,,12/08/2026 15:37
24f746b2-707a-484a-81a1-17ff47ddbba0,genericalness.expert,available,,,medium,low,13,,,,
6381e120-4a3a-4b0d-bad8-6d27d38c42bf,coaxing.expert,available,,,high,high,7,,,,
76f5662f-fd74-4781-ba0a-da24f0459120,elton.expert,available,,,high,high,5,,,,
ffa05658-b56f-4c7f-8796-866cb9dc384f,alludes.expert,available,,,medium,low,7,,,,
0c4960a6-7b6b-43d5-b1d2-eb080bf32394,reattempt.expert,available,,,high,high,9,,,,
05859cac-7a20-455e-925a-298906278265,cribbage.expert,available,,,high,high,8,,,,
179e9bd5-381c-41a9-a2ad-b74153f86a94,preemptions.expert,available,,,medium,low,11,,,,
b6e3b6fa-0cef-4eef-a3b8-60b4f765c4d3,inputs.expert,available,,,high,low,6,,,,
44663eff-db61-48d6-855c-c56c9fac8a40,pressboard.expert,available,,,high,high,10,,,,
c8160527-fe03-4102-84e9-d25fb293df3a,nessie.expert,available,,,high,high,6,,,,
7ce8bbc9-3317-4d64-a155-88b9e0ac4d19,bazillionaire.expert,available,,,high,high,13,,,,
347fb782-b8fd-49e7-ad53-2996edc66159,overestimate.expert,available,,,high,high,12,,,,
05c0ef0c-46f3-4660-8258-0848373226ee,creatively.expert,available,11.99,,high,low,10,name.com,,,
3484125f-13d8-4254-a5c8-eae8add3935d,watered.expert,available,8.98,82.48,high,low,7,namecheap,,,25/08/2026 03:28
e517095a-980e-4523-8a38-1ea6ff7968c5,saleswoman.expert,available,,,high,high,10,,,,
77379649-0c70-49e4-a54a-f77dfe80c499,hmnzs.expert,available,,,medium,low,5,,,,
1ae16fd6-2766-4257-a410-4d6ccd3b1208,allude.expert,available,,,high,high,6,,,,
427b2413-c583-42d3-9829-4d2785c2384e,inexhaustibly.expert,available,,,high,high,13,,,,
ded217bc-9424-40dc-8904-c690b371b1c3,models.expert,available,,,high,medium,6,,,,
450b650f-5714-40a9-a25e-d2fe722dab5f,depraved.expert,available,8.98,82.48,high,low,8,namecheap,,,14/08/2026 02:29
a62e05cc-d001-4dc7-b078-767d6469a06a,phylogenetic.expert,available,,,high,low,12,,,,
f9f2ffc1-af27-4f8e-bb18-6af3246c5a15,gametes.expert,available,,,high,low,7,,,,
a1671f55-2a88-47d3-bc89-60c3232d0f22,redirector.expert,available,,,high,high,10,,,,
000cb53d-a011-4100-8e14-20549d9d6c9e,arsonist.expert,available,8.98,82.48,high,low,8,namecheap,,,22/08/2026 00:55
abe02860-e483-40a3-8373-4a34a603cb73,whomever.expert,available,,,high,high,8,,,,
0c06cc6a-5580-403d-9c36-c821050a229e,realms.expert,available,,,high,medium,6,,,,
d6527cbe-c881-45fd-aaf0-d687826be84a,cassation.expert,available,,,high,high,9,,,,
a3073d36-2862-499f-890a-c8be67fca3fd,hmw.expert,available,,,high,low,3,,,,
41585212-5d1a-4137-9412-e7f5880cbc06,letterings.expert,available,,,medium,low,10,,,,
bcc1b550-5690-4991-8859-e87c187f17e3,diagonalisation.expert,available,,,high,low,15,,,,
2eea1811-737a-4626-b17b-a6ebb22b8e63,curricular.expert,available,8.98,82.48,high,low,10,namecheap,,,13/08/2026 11:29
0490d5dd-75a4-401c-aeb3-3a0d2e6d2435,flagstone.expert,available,,,high,high,9,,,,
83ac5b9d-0d4c-4606-9b5d-66c6491c94ae,applesauce.expert,available,8.98,82.48,high,low,10,namecheap,,,19/09/2026 21:26
282141ef-5770-49c8-90ba-5a29dfdcb080,distributes.expert,available,,,high,low,11,,,,
07f10c67-28cc-4a4c-87e4-be50ac4693e6,blackthorn.expert,available,10.99,62.49,high,low,10,namesilo,,,24/09/2026 03:10
4fec285e-1ad4-4bdf-9e00-fb32d07d8ce1,craggy.expert,available,8.98,82.48,high,low,6,namecheap,,,13/08/2026 04:44
fea7a414-2e8b-4570-aa87-28497ef09a0a,documentarians.expert,available,,,medium,low,14,,,,
7316a1f2-689e-4332-9426-02cd937d4ffd,verbs.expert,available,11.99,,medium,low,5,name.com,,,
6ef77b9a-10de-4a43-aa68-d9bea85f2cff,chamois.expert,available,,,high,high,7,,,,
990d0c9e-9c18-442d-93e8-c2527f68217e,amusements.expert,available,,,high,low,10,,,,
9ed25ea5-2b05-4fe1-b44d-3992e27b8d9b,cernuous.expert,available,8.98,82.48,high,low,8,namecheap,,,12/08/2026 00:44
c307b0c4-4ff9-47be-b44e-c6dfb4115a6b,pyrrhic.expert,available,8.98,82.48,high,low,7,namecheap,,,09/09/2026 07:12
accca7db-1542-4161-a8e8-a2375ca67318,kerfuffles.expert,available,,,medium,low,10,,,,
c3057c97-a4ee-4f1c-be59-b47cf0b7f3c0,horsefish.expert,available,8.98,82.48,medium,low,9,namecheap,,,20/09/2026 21:39
13983061-f735-435a-a04d-d0e7d7621734,riff.expert,available,,,high,high,4,,,,
44fb0ac9-4b87-4629-979e-bf398fe9ef7b,biaxial.expert,available,8.98,82.48,high,low,7,namecheap,,,09/08/2026 18:44
781f2e78-74f8-4a89-8e1e-bd23ddc2d0ac,build.expert,premium,854,854,high,medium,5,namesilo,,,24/09/2026 06:26
68932ada-cea3-481d-8021-f18d17cd4ad3,abrogation.expert,available,8.98,82.48,high,low,10,namecheap,,,16/09/2026 17:14
467c915a-b833-4ef0-8c4e-006ebfda5cae,kitivy.expert,available,,,high,high,6,,,,
bc743013-8789-402f-959f-dfd366539395,checkered.expert,available,8.98,82.48,high,low,9,namecheap,,,12/08/2026 03:38
8c1adea8-9b2d-4922-ab30-0c0a66d54610,loyal.expert,available,10.99,62.49,high,low,5,namesilo,,,25/09/2026 15:30
548b8c8d-4b60-48f8-914f-cbe6c6c1a548,antiterrorist.expert,available,,,high,high,13,,,,
4f46cb49-7ee5-4c99-8b04-1c1a1b65da8b,directress.expert,available,,,high,high,10,,,,
430d5baa-427c-4900-8f85-83b1302c901c,ishmael.expert,available,8.98,82.48,high,low,7,namecheap,,,04/09/2026 19:10
3786e535-264b-41d8-aba4-def46dd46a86,halleluiah.expert,available,,,high,high,10,,,,
6742ecf1-116c-40d9-8d2a-1680f7ec4b7a,frugal.expert,available,8.98,82.48,high,low,6,namecheap,,,18/08/2026 16:57
e5ed342f-f99c-40b1-aa7d-56f4e5d22894,bidens.expert,available,11.99,,high,low,6,name.com,,,
6fa5acb0-f552-4437-88f2-e81c1060ae6c,friendboy.expert,available,,,high,high,9,,,,
643bfe83-3ce2-4414-b197-2f12e69dbba5,handsomely.expert,available,8.98,82.48,high,low,10,namecheap,,,14/09/2026 22:57
8a67d13d-f36a-4fe9-be81-934172e67a2d,polyfill.expert,available,,,high,high,8,,,,
a0c14636-3fb6-4c39-a456-4d45d87b229e,bitterroot.expert,available,10.99,62.49,high,low,10,namesilo,,,23/09/2026 23:08
c4730348-0fb1-45d8-82c3-fd4069c626bf,soils.expert,available,,,high,medium,5,,,,
e6ada1e2-96ad-4cdd-87fc-8f4f41f6f782,refinement.expert,available,,,high,high,10,,,,
ab16d5d4-ecc1-42a3-9009-487c90ddb9f5,cleverly.expert,available,11.99,,high,low,8,name.com,,,
332114ee-45fa-4a68-b493-e194d46f001d,constructable.expert,available,,,high,high,13,,,,
20f25a36-7dd4-47e6-87ce-20a1390b2248,rhiannon.expert,available,11.99,,high,low,8,name.com,,,
89a37c6b-b73c-4f70-a3d1-dee8463a4281,jms.expert,available,,,high,high,3,,,,
84e554fe-fcb7-4a48-851c-b024a4504313,peppiness.expert,available,,,high,high,9,,,,
1fd67e4e-5992-4005-af75-a2d126ff7ab5,sunscreen.expert,available,,,high,high,9,,,,
10f9e2d2-f65f-45c2-bd27-81d0893a5f1f,stawley.expert,available,,,high,high,7,,,,
10219d59-b325-4f21-893c-2cd2e8056d56,squalls.expert,available,10.99,62.49,medium,low,7,namesilo,,,20/09/2026 14:16
5d82751e-5350-4191-bdbd-73db96ca5d53,toasts.expert,available,,,high,low,6,,,,
e53d2b87-8d29-4afe-b54b-2d1b8c2e0c81,invests.expert,available,,,high,medium,7,,,,
b3289483-3617-4a68-b915-f8744dc73b17,technologists.expert,available,,,high,medium,13,,,,
3cb44383-6dfb-4d71-b222-01b6860e4bd1,exaggerated.expert,available,,,high,high,11,,,,
ab79761f-c78f-4fba-b5e5-30b6f5f703d7,impure.expert,available,8.98,82.48,high,low,6,namecheap,,,21/08/2026 23:30
19918bf3-3d33-4974-b2c3-af8ae782011d,flac.expert,available,,,high,high,4,,,,
a06b9385-1ceb-46b3-ba55-86d6e7349777,accoutrement.expert,available,,,high,high,12,,,,
2bb278ab-e31e-4e0f-b224-fce533a3cb71,antidotes.expert,available,,,high,medium,9,,,,
1e374484-4a85-49f5-b721-2af66eb689c9,lovely.expert,available,8.98,82.48,high,low,6,namecheap,,,21/09/2026 19:31
937d4e3a-d44c-4dc8-8931-c0d2eebfb09e,surgeon.expert,premium,512,512,high,low,7,namesilo,,,25/09/2026 23:55
6d9088ce-5460-4f7f-b161-ead365639b05,tranquilise.expert,available,,,high,high,11,,,,
7a4c080a-dafa-4180-afe5-74fe2713c5e1,homoerotic.expert,available,8.98,82.48,medium,low,10,namecheap,,,21/08/2026 12:51
4639ebed-c32f-434b-b0d5-72260de8dfa4,spillable.expert,available,,,high,high,9,,,,
4a36ff95-6226-4fc6-aaab-c4763432a900,reaching.expert,available,10.99,62.49,high,low,8,namesilo,,,20/09/2026 09:16
8e122019-015c-4ded-b98a-985cd3db79af,aleatory.expert,available,8.98,82.48,high,low,8,namecheap,,,
fa2ab39a-9803-42fd-b7c3-84feea597699,distal.expert,available,8.98,82.48,medium,low,6,namecheap,,,14/08/2026 13:03
d615a684-c103-43c0-8d22-367272590804,alphavirus.expert,available,10.99,62.49,high,low,10,namesilo,,,18/09/2026 13:47
18394e4c-df56-45eb-bc71-82d7b16ea668,artiste.expert,available,8.98,82.48,high,low,7,namecheap,,,20/09/2026 11:55
a74f551d-1c1b-411e-af56-ce5342961d15,blessing.expert,available,8.98,82.48,high,low,8,namecheap,,,06/08/2026 09:29
9750507b-e06f-40eb-a437-03b05a1426fc,monotonous.expert,available,8.98,82.48,high,low,10,namecheap,,,25/08/2026 05:30
8e688d4c-e284-47d8-beb4-83f66e6c64fd,vesicle.expert,available,,,high,high,7,,,,
4835a065-8ab7-4082-bcdf-ce8b7ecb73be,permissive.expert,available,8.98,82.48,high,low,10,namecheap,,,08/09/2026 17:48
e620591c-7f35-40b0-acd7-1c97bbec502b,triffid.expert,available,,,high,high,7,,,,
d060c728-2c79-4888-af4d-e10ea1ed16ef,inadequate.expert,available,8.98,82.48,high,low,10,namecheap,,,22/08/2026 00:12
ce3142ef-52fb-4b3a-a079-0e355f2cfb33,unvoiced.expert,available,8.98,82.48,high,low,8,namecheap,,,11/09/2026 03:39
de60f104-a027-4736-84c9-d76d346072a5,kidwelly.expert,available,,,high,high,8,,,,
be88cd6a-5bcb-43af-964c-c390f55ca3f4,unclipped.expert,available,8.98,82.48,high,low,9,namecheap,,,12/09/2026 05:25
15b5b5cd-52de-4eb3-a082-a705703cd6f4,confounding.expert,available,,,high,high,11,,,,
c9a88c8b-f3b7-4506-af55-12980833079e,kirkwall.expert,available,,,high,high,8,,,,
ead37838-56bf-429d-a8ad-ab320dfd9ec7,fervently.expert,available,8.98,82.48,high,low,9,namecheap,,,14/09/2026 18:24
7cae65d2-e63d-4de1-a883-ae0f56a18c98,throated.expert,available,8.98,82.48,high,low,8,namecheap,,,11/09/2026 14:39
7682090b-c674-4ce0-81b7-793f6d41f0d9,augmentative.expert,available,,,high,high,12,,,,
ce1a71ca-0b39-4205-8685-8b47cd9258c5,dday.expert,available,10.99,62.49,high,low,5,namesilo,,,16/09/2026 12:39
42013ac0-0ef4-4b67-91de-e4f2abfb689d,ventricles.expert,available,,,medium,low,10,,,,
7f07aebd-c589-4f2f-b8a0-ce197db59baf,till.expert,available,,,high,high,4,,,,
b058162a-7ada-4b42-adaf-ff9c74c98440,picker.expert,available,10.99,62.49,high,low,6,namesilo,,,24/09/2026 14:45
e391ac1a-03c1-4d3e-887a-0e5f27f2e75f,crammer.expert,available,,,high,high,7,,,,
fac94409-0a56-42da-8f3d-c9747449f620,floatation.expert,available,,,high,high,10,,,,
7dad9234-c92e-417f-b3a9-7bdee57eddf3,monique.expert,available,,,high,high,7,,,,
4d1a7561-adc4-4f3c-bd04-2651066752d6,kereru.expert,available,,,high,low,6,,,,
fe772cd4-08ad-4e8a-8789-27a067ea391e,persevering.expert,available,,,high,high,11,,,,
041bb635-8608-4de9-9527-8111f9cba3be,kinder.expert,premium,500,,high,medium,6,name.com,,,
2dd4d808-f8e4-4c80-b0bc-2b60c6cfcf52,tumble.expert,available,,,high,high,6,,,,
0b770651-8fee-4e79-beda-e1ff4a15c327,sexist.expert,available,8.98,82.48,high,low,6,namecheap,,,10/09/2026 05:14
73153050-fb8d-4680-80d1-d9431fc292a5,firstborn.expert,available,8.98,82.48,high,low,9,namecheap,,,16/08/2026 02:17
acdccee1-53e7-4ba2-9fa7-d99798fd47f8,artificership.expert,available,,,medium,low,13,,,,
f9c3605a-6e40-4fd9-b687-06d0e0f1fa68,artisanry.expert,available,,,high,low,9,,,,
95b99f97-6d4a-4a87-9cd3-b031e4d4300c,greatgrand.expert,available,,,high,high,11,,,,
895286e3-5f9a-428f-b08a-247ea46aa55d,maids.expert,available,,,high,low,5,,,,
d451b423-c329-4a72-bada-abf967635d9d,didrikson.expert,available,10.99,62.49,high,low,9,namesilo,,,21/09/2026 12:34
f8e36b1f-a065-4d3e-92dc-f31582306c13,spins.expert,available,,,high,low,5,,,,
4ccb6685-e933-434c-91ea-854c965a346d,photographic.expert,available,,,high,high,12,,,,
203934dc-c790-408c-9f55-7ce55ef7374a,attentiveness.expert,available,,,high,high,13,,,,
c9252df9-1e3b-4484-ba9d-30edc88cefdf,wikis.expert,available,,,high,medium,5,,,,
943b7192-da18-4a69-9bae-ed487fc748fe,cyberati.expert,available,,,high,low,8,,,,
77d3a5af-f7f0-486e-bdd3-ebd533d06ced,modification.expert,available,,,high,high,12,,,,
85a0af53-4b2a-4b95-a781-a5f4bf0ec1c4,sensitivity.expert,available,,,high,high,11,,,,
12abfc2f-c336-4333-9fa2-b897bcbcbd51,gamebag.expert,available,,,high,high,7,,,,
838d11ac-6bdc-4600-9730-a120986f69d5,karen.expert,available,8.98,82.48,high,low,5,namecheap,,,25/09/2026 08:08
c8aaacf1-13de-4a62-b428-00e74d37052e,continent.expert,available,8.98,82.48,high,low,9,namecheap,,,11/08/2026 23:26
8fbf595a-3e13-4578-8ea9-7e607d57d9a8,allegedly.expert,available,,,high,low,9,,,,
c00f4640-3cfa-4ed3-b3f2-bd2747fe3186,enafors.expert,available,,,high,high,7,,,,
7897f441-145d-434d-b465-7afbd31f911b,prosperous.expert,available,8.98,82.48,high,low,10,namecheap,,,10/08/2026 19:19
8e5c64d6-b922-40ec-9ca8-2d9c25806212,glaucophane.expert,available,,,high,low,11,,,,
7f8f21d7-cfde-4d6f-9fd1-1ad9fd411344,townfolk.expert,available,,,high,high,8,,,,
ccb48032-aab9-4e5a-b5f5-c14d0eac0439,provable.expert,available,8.98,82.48,high,low,8,namecheap,,,09/09/2026 04:24
5e97708e-dbce-4117-ba96-61301ef6b493,takeaways.expert,available,10.99,62.49,high,low,9,namesilo,,,18/09/2026 05:02
160ec9f9-d348-4686-bb4e-0e70e457f995,musculature.expert,available,,,high,low,11,,,,
587ac56b-93ac-498e-95d1-e7f9fd03d236,neighbored.expert,available,,,medium,low,10,,,,
d14e6599-af87-4158-acf5-9851be344659,ants.expert,available,,,high,medium,4,,,,
6e26e7f3-06e8-4b53-aeb8-cc8c939da028,bran.expert,available,,,high,high,4,,,,
09e2cb90-b4dc-4dc5-8ee5-d7f5b2f4ac45,eboarding.expert,available,,,high,low,10,,,,
c6e5ffc9-3adf-4ff0-9031-5d074983cb33,bananalike.expert,available,,,high,high,10,,,,
f035668a-7088-4566-894b-6e25c911c562,hoary.expert,available,8.98,82.48,high,low,5,namecheap,,,20/08/2026 19:20
3cf2550d-f48f-4b81-9bcc-2a17addebb0c,boldness.expert,available,,,high,high,8,,,,
653e3d67-3136-41c4-8fa6-0615307dbaf4,coroner.expert,available,,,high,high,7,,,,
be9cadc1-7ff0-4c70-93f1-f2875cac042a,secretly.expert,available,8.98,82.48,high,low,8,namecheap,,,15/09/2026 06:37
7d9a66ae-bd80-4729-a1c2-5e596a5fc09a,inducive.expert,available,8.98,82.48,high,low,8,namecheap,,,22/08/2026 03:31
300e540f-d663-4ffa-a8cd-9adac902a6a2,epitome.expert,available,,,high,high,7,,,,
0b7b8e7c-26e5-4dfe-9d5f-eb9f9e20a351,qantas.expert,available,,,high,high,6,,,,
d4db83b2-08d0-4938-adf6-f710ec323a07,yachtboard.expert,available,,,high,high,10,,,,
b9417df0-74e9-4ebc-935c-93e308df7d5e,conjugate.expert,available,8.98,82.48,high,low,9,namecheap,,,12/08/2026 22:11
98230f92-9942-400e-841a-dd8c8597f576,rebus.expert,available,,,high,high,5,,,,
9432b8e0-68fb-49e2-a493-371de0dea660,interlock.expert,available,,,high,high,9,,,,
22a8f66e-070b-4267-ac5d-69e2a9e47525,sensing.expert,available,11.99,,high,low,7,name.com,,,
bce1d231-5522-4965-893a-d2e5ca61743a,divisibility.expert,available,,,high,high,12,,,,
f6b16b05-9a67-43ba-8e5b-738736789a1b,peashooter.expert,available,,,high,high,10,,,,
5eea6c4a-fa59-4d20-9b46-0bea81713d98,timbered.expert,available,8.98,82.48,high,low,8,namecheap,,,11/09/2026 15:59
4faad5db-d8bb-4542-b23e-b8aed0718787,unsheathed.expert,available,8.98,82.48,medium,low,10,namecheap,,,12/09/2026 19:47
05a92703-1a5d-4fc5-86fb-9cd1c2a7d3ac,credobaptism.expert,available,,,high,high,12,,,,
8651b7a6-2765-41c8-9826-6811f2f59bf2,lambert.expert,available,,,high,high,7,,,,
0c8b03a8-a90b-4ed7-821d-60b76badc50b,clotshot.expert,available,,,high,high,9,,,,
95fb7928-c671-47ae-9716-f0a7427c6c5a,snatch.expert,available,10.99,62.49,high,low,6,namesilo,,,19/09/2026 14:54
5a99dd79-a180-4628-8610-0d27846675ae,hedonism.expert,available,,,high,high,8,,,,
7c3fc650-8985-4511-9343-ae3775e11df2,undercover.expert,available,8.98,82.48,high,low,10,namecheap,,,12/08/2026 09:28
b90ff295-74f0-41c8-bf55-c2cc38275776,houselights.expert,available,,,high,high,12,,,,
ec7032f7-8d4d-4cad-add4-d335d47f5b29,reproduced.expert,available,,,high,low,10,,,,
201c1bc0-bffd-444d-9b1c-fbf2e1cb95ed,fulfilment.expert,available,,,high,high,10,,,,
e6ef9784-c1d3-4f99-939b-f58f5e2186cd,claud.expert,available,,,high,medium,5,,,,
1e402c7c-0c8b-4a85-b328-7cae1d16193d,counterbalanced.expert,available,,,high,low,15,,,,
c0e24e12-be23-4baa-8530-d4a294ff3f52,abite.expert,available,,,high,high,5,,,,
18030a97-2fec-4f7a-8c24-b07fa5a9d177,cophine.expert,available,,,high,high,7,,,,
38d41f61-fd6f-4d15-a2ee-6f46c519f534,swapped.expert,available,,,high,low,7,,,,
4c0f3281-715b-4118-bbc6-53389d0e26fd,screenshot.expert,available,11.99,,high,low,10,name.com,,,
0fd3a83a-1b3a-4561-badf-c6ffcc4cf8f4,bedlam.expert,available,10.99,62.49,high,low,6,namesilo,,,22/09/2026 23:22
7427af85-8918-4193-9b50-07518171c16c,harmonizer.expert,available,,,high,high,10,,,,
f122b39e-2b5e-40ca-9c08-966f61c23dce,elizabethan.expert,available,,,high,high,11,,,,
ad74a051-9387-474b-b8e4-1d5aeaeedf77,mastership.expert,available,,,high,high,10,,,,
c023aa2d-af51-46fa-b907-ddadc5d22a51,storyteller.expert,available,11.99,,high,low,11,name.com,,,
4b11a76a-073b-40ab-b79e-879e7ed632e6,debater.expert,available,10.99,62.49,high,low,7,namesilo,,,20/09/2026 04:45
5d6366a0-605b-4373-9efb-d4e8c2f0ecb3,inky.expert,available,8.98,82.48,high,low,4,namecheap,,,22/08/2026 05:42
e27128eb-3a5b-4fa5-811f-7e955eac9162,yaar.expert,available,,,high,high,4,,,,
f4df822b-3432-4def-ab07-361985d45e15,mobydick.expert,available,,,high,medium,9,,,,
9157c894-8e2f-46af-ac51-e31dd8fc24e6,functionhood.expert,available,,,high,high,12,,,,
822e1942-2d52-45c6-bff2-15a16c297c90,proportionately.expert,available,,,high,high,15,,,,
30758b39-b094-4db5-b55e-cddf8d62f3b7,telecentre.expert,available,,,high,high,10,,,,
0ac7e31e-32fd-441d-8ff1-89ac779c8ee6,shortcakes.expert,available,,,medium,low,10,,,,
f8250ad3-bc8a-4b9d-ac04-6fba487737f8,prodigious.expert,available,8.98,82.48,high,low,10,namecheap,,,12/08/2026 17:58
62cce07d-084d-4663-8c49-65de32bc7744,taiga.expert,available,,,high,high,5,,,,
8d4c8120-d798-4273-81ca-36a89545e3ea,flexile.expert,available,8.98,82.48,high,low,7,namecheap,,,18/08/2026 08:06
aa86ca00-2a4a-4789-8fdb-f0883e6ae099,flatbottom.expert,available,8.98,82.48,medium,low,10,namecheap,,,18/08/2026 06:51
ba8c2b42-a2c2-4e79-afbd-d798ca88edf5,progressing.expert,available,11.99,,high,low,11,name.com,,,
bd5e3742-f8a5-42d8-a2b4-d9e0eca053e6,spacko.expert,available,,,high,high,6,,,,
ddf0aa41-3e4e-425f-b781-486b15ef7dd8,mbd.expert,available,10.99,62.49,high,low,3,namesilo,,,17/09/2026 06:35
836a31ef-c2af-437c-84f4-1556eb597ac1,perthian.expert,available,,,high,high,8,,,,
94ce270a-ef6b-496c-9661-3b4fc6912cc1,pelosi.expert,available,,,high,low,6,,,,
5d6c3db7-6ecb-431b-b875-fc54cf2ee726,astound.expert,available,11.99,,high,low,7,name.com,,,
211c2402-b3df-40fe-a038-cd3c5bf6583d,hydric.expert,available,8.98,82.48,high,low,6,namecheap,,,21/08/2026 16:23
336f36fa-83d4-4e08-afed-78a89b8f7995,escalated.expert,available,,,high,low,9,,,,
57cf6da3-8f54-43c4-a189-b99b58ad3fb1,dove.expert,available,8.98,82.48,high,low,4,namecheap,,,10/09/2026 17:16
3b113cd0-7b3a-4256-a7a6-6b7248966ba3,transylvania.expert,available,,,high,high,12,,,,
d68490ae-439f-4434-9f76-c118562006c3,tearoom.expert,available,,,high,high,7,,,,
10bc1f3a-96b8-471e-a3da-3b9db77b2166,nunatukavut.expert,available,,,high,high,11,,,,
0ad27210-ec3b-4a92-99a1-cdea7d64024a,garniture.expert,available,,,high,high,9,,,,
14aee021-9806-4ebb-9012-97a5ae1d380e,pact.expert,available,,,high,high,4,,,,
074e23ca-0b49-4282-a3bf-9eedb0b3703f,cornstalk.expert,available,,,high,high,9,,,,
b6cb8b7c-eb61-44f6-bde4-d4db6cd406e5,pyramids.expert,available,,,high,medium,8,,,,
7077a997-e29e-4005-8967-de649dde81a7,outscore.expert,available,,,high,high,8,,,,
27b7689f-a235-4472-9693-07ed43f2bc0b,buttonwoods.expert,available,,,medium,low,11,,,,
2e940af8-e75e-4a6f-af91-31f606599a02,equable.expert,available,8.98,82.48,high,low,7,namecheap,,,17/08/2026 11:33
cb8a8ce5-7102-4c3f-8f9c-a86c0113b4c6,microwaves.expert,available,,,high,low,10,,,,
01da8035-2c38-42dc-b1e5-849ebf5c50e3,offensive.expert,available,8.98,82.48,high,low,9,namecheap,,,14/08/2026 22:05
7e381322-c5e4-4ce3-9a23-34b4aa4331a8,wordmark.expert,available,,,high,high,9,,,,
81d5a19d-0f4e-44fc-8a9b-80189a0e1bb6,midhour.expert,available,,,high,high,7,,,,
52d3ff4c-8470-4669-91f1-93b07f5eecba,grandness.expert,available,,,high,high,9,,,,
693943ec-786b-40a0-b45f-f7108566aa7f,sodden.expert,available,8.98,82.48,high,low,6,namecheap,,,10/09/2026 13:24
964d6ed7-2265-42dc-a4b2-ecedb7742300,enderson.expert,available,,,high,high,8,,,,
cb183dad-08a8-45a2-bb91-7e52ff0eaf8e,flour.expert,available,,,high,high,5,,,,
0a44f7e0-c52b-4838-a371-255c5b8f9a5d,steamboats.expert,available,,,high,low,10,,,,
1315931b-7f97-49c1-bc8e-ced8c668da4d,minsk.expert,available,,,high,high,5,,,,
8b233a2d-6fd9-415b-ad4c-fb31cc448658,nonromantic.expert,available,,,high,high,11,,,,
61d11de4-ac2f-465c-a55d-1eb60ef2b79d,chrysler.expert,available,,,high,high,8,,,,
e53aaa7b-470d-47f5-a2c9-cee16750551f,golly.expert,available,,,high,high,5,,,,
0157854c-3b4d-4a7c-ab52-041d1cd7c43a,aesir.expert,available,8.98,82.48,medium,low,5,namecheap,,,17/09/2026 13:23
86338f3e-1dd9-4e61-8bb0-f407d107ee4d,sculpturing.expert,available,,,high,medium,11,,,,
2cbf886a-d3c8-4e92-93fe-205ae38f0324,belorussia.expert,available,10.99,62.49,high,low,10,namesilo,,,23/09/2026 04:27
24f84773-b423-4d11-9c67-43f7b3ed1f24,daydreamer.expert,available,,,high,high,10,,,,
63b498d2-c05e-4441-bccd-7bda97033509,mongoose.expert,available,,,high,high,8,,,,
bf62b1ab-32fb-48e7-8a17-136b30dea258,handcart.expert,available,,,high,high,8,,,,
68774496-fefd-47f1-ad3e-c8961dcf25b6,boroughhood.expert,available,,,high,low,11,,,,
6f7c1797-76cd-47fb-97f3-db21c2ff5270,exactly.expert,available,10.99,62.49,high,low,7,namesilo,,,26/09/2026 00:15
9a1a61c4-5c7b-430f-a265-97918cce42bc,overt.expert,available,8.98,82.48,high,low,5,namecheap,,,04/09/2026 21:53
ae42a018-3eaf-48fb-a6c4-dca45304c457,odorise.expert,available,,,high,high,7,,,,
73891190-233a-4fd6-b354-2b7aef55542b,whopper.expert,available,,,high,high,7,,,,
4d060fa1-1cc2-4aea-a5fa-939b6237b59e,disheveled.expert,available,8.98,82.48,medium,low,10,namecheap,,,14/08/2026 10:56
4426b985-6b00-4be9-8810-8d7914fae8e4,believability.expert,available,,,high,high,13,,,,
274d8d63-c6aa-4d42-90ac-cfdcd356e532,homesewn.expert,available,,,high,high,9,,,,
0f1e7b9f-9161-479e-b6df-4022c5cd1cb1,stickman.expert,available,,,high,high,8,,,,
663f98e2-70f3-4a62-aaf7-f4f325410ea5,subatomic.expert,available,8.98,82.48,high,low,9,namecheap,,,10/09/2026 23:38
30dc3ec0-c519-4cba-ba57-016e887d2399,straggling.expert,available,,,high,medium,10,,,,
135d259a-5b2a-4e37-ad4a-f326ee2080d0,planted.expert,available,10.99,62.49,high,low,7,namesilo,,,24/09/2026 04:59
d0591c62-a775-4b2e-ab38-6fa38e70a33e,width.expert,available,,,high,high,5,,,,
c8a251a2-1184-4e13-9c4d-8bfee026dd6c,multiethnic.expert,available,,,high,high,11,,,,
a267cee7-b7f4-4711-88c8-a7a67eaef6e0,harden.expert,available,,,high,high,6,,,,
e2509430-d5ad-4e87-a68b-cde3c1641ea4,equivalent.expert,available,10.99,62.49,high,low,10,namesilo,,,24/09/2026 14:50
50fdac18-e221-43af-9170-bbeffeb8a3ce,approaching.expert,available,8.98,82.48,high,low,11,namecheap,,,25/09/2026 11:21
197c6eac-98a2-41b7-beea-c78d66b0a852,understandable.expert,available,11.99,,high,low,14,name.com,,,
dd4de990-34b1-466e-9796-879d7d4145a5,weakener.expert,available,,,high,high,8,,,,
56ecb13e-a486-4484-a57f-58435b9e542c,docketing.expert,available,,,high,high,9,,,,
ce819f0e-0434-4690-8546-af60c9194cdb,congruous.expert,available,8.98,82.48,high,low,9,namecheap,,,12/08/2026 21:56
1282653f-d0e5-43d6-9ce7-86e1357ed523,shocked.expert,available,8.98,82.48,high,low,7,namecheap,,,
d1634848-3cee-4e8d-b44d-1762a2817c5e,motorbus.expert,available,10.99,62.49,high,low,8,namesilo,,,21/09/2026 05:59
b698ada3-1439-4da2-b912-6d6e16aed812,radiating.expert,available,,,high,low,9,,,,
f62cc2c6-ebe0-4e04-8ab1-77f5e8d8262b,pints.expert,available,,,high,medium,5,,,,
ccb2a840-ccbd-4e5c-b72a-4c9b8bf57bd8,aggressive.expert,available,8.98,82.48,high,low,10,namecheap,,,21/09/2026 22:59
098a1e1b-98b3-4d57-a3fc-4e2053602e1b,concave.expert,available,8.98,82.48,high,low,7,namecheap,,,12/08/2026 19:50
ab1e4588-be8f-4b20-ad2f-63878ac3af0a,stocked.expert,available,8.98,82.48,high,low,7,namecheap,,,10/09/2026 20:54
a82386b8-ebf9-4c3e-b35d-ead310ac21b3,exonerate.expert,available,,,high,high,9,,,,
7942d35f-dff0-4bdb-941d-5c50ea0b9ca4,layby.expert,available,,,high,high,5,,,,
c401e43a-f61c-436a-8618-e8c92ac1868f,imbricate.expert,available,8.98,82.48,medium,low,9,namecheap,,,21/08/2026 20:35
f13a0b5d-7ca2-4715-a65f-26458c1342e7,velveteen.expert,available,,,high,high,9,,,,
45aa04e7-3dcd-4b0a-a693-7660dbe4ff41,grandaunts.expert,available,,,medium,low,10,,,,
25569c7e-41a1-44f0-a775-147233deb2b7,kirkhaugh.expert,available,,,high,high,9,,,,
5de86f15-7872-45b9-8589-cb00de7c7dec,december.expert,available,8.98,82.48,high,low,8,namecheap,,,24/09/2026 21:09
f437d18f-e9cb-41e0-a757-11fe1f19de47,patience.expert,available,10.99,62.49,high,low,8,namesilo,,,25/09/2026 06:07
d58efd74-9125-4f1c-b5a2-5588b3dca67e,labelled.expert,available,8.98,82.48,high,low,8,namecheap,,,22/08/2026 17:15
cb40c9b9-8a80-4d84-9a5c-89b5a9ffe820,tenuous.expert,available,8.98,82.48,high,low,7,namecheap,,,11/09/2026 11:41
2df23f44-9e1a-4b63-a859-782de37cc09c,bubblejet.expert,available,,,high,high,9,,,,
04c3247b-fe76-42dc-9ac1-e8c26af82bed,nescience.expert,available,8.98,82.48,high,low,9,namecheap,,,12/09/2026 14:26
44d42af4-16a7-465a-ae60-5463b87eda2e,brushes.expert,available,,,high,low,7,,,,
a3533c70-a6eb-4c04-8e8d-9b3e9d467293,nocturnal.expert,available,8.98,82.48,high,low,9,namecheap,,,03/09/2026 18:04
4f132862-3729-4b7e-ad0b-558adabc23fe,abcs.expert,available,10.99,62.49,high,low,4,namesilo,,,16/09/2026 14:38
c2187a16-da41-4027-9698-593712877256,kirriemuir.expert,available,,,high,high,10,,,,
d37292ed-6cf6-42b5-ad6c-af37412ca838,altona.expert,available,,,high,high,6,,,,
2cb6b8b0-8869-4f3b-82fe-4b96c6097059,spacebased.expert,available,,,high,high,10,,,,
1144dc01-2a33-4f3f-af52-e18051d567dc,arrowsmith.expert,available,10.99,62.49,high,low,10,namesilo,,,20/09/2026 09:31
2f299c4b-6861-4b7a-a8d0-459688c55e35,skater.expert,available,,,high,high,6,,,,
2c6317c4-46c2-4b4e-869e-222049dd38e7,accumbents.expert,available,,,medium,low,10,,,,
76183003-f911-45a4-a05f-d6067eb66db2,crosby.expert,available,8.98,82.48,high,low,6,namecheap,,,23/09/2026 17:15
444f694b-f2fd-4674-a9e5-b2b2a3cfb615,blacking.expert,available,10.99,62.49,high,low,8,namesilo,,,24/09/2026 02:49
baac28bd-4ac9-4745-9dff-c1b24c194069,alprazolam.expert,available,10.99,62.49,high,low,10,namesilo,,,18/09/2026 14:08
e42540bb-cb9e-4d7c-9a42-09e104e91060,epical.expert,available,8.98,82.48,high,low,6,namecheap,,,17/08/2026 10:29
62bcb7bd-1a88-4bae-a907-674f29349ccc,entwining.expert,available,,,high,high,9,,,,
b157c044-1993-479a-8dd9-95b05a57cdba,gamely.expert,available,8.98,82.48,high,low,6,namecheap,,,14/09/2026 21:02
4c584df1-a35f-4f79-8021-4fe929cc89b2,alhazen.expert,available,8.98,82.48,high,low,7,namecheap,,,18/09/2026 00:42
2b1e5cff-1ef6-4781-9718-33f35f21b9b3,bratislavan.expert,available,,,high,high,11,,,,
6f762e21-97b1-4e53-b6c1-6a8c45a8f88d,condemn.expert,available,11.99,,high,low,7,name.com,,,
d8fc961b-52f1-4f14-8e52-118cbfeaee47,birthstones.expert,available,,,high,low,11,,,,
27da9d2a-be45-4f9a-aad5-3c29d8da794b,nude.expert,resell,,,high,low,4,"NameCheap, Inc.",12/02/2024 23:24,12/02/2026 23:24,
a96775b0-01d5-4e90-9a35-783ca91692eb,nobody.expert,available,11.99,,high,low,6,name.com,,,
fee579a6-7a39-438c-93c3-0dc565290d09,nnw.expert,available,8.98,82.48,high,low,3,namecheap,,,15/09/2026 16:52
c7a5c400-66a6-4793-a2d8-dc551cb7e6d3,caparison.expert,available,10.99,62.49,high,low,9,namesilo,,,22/09/2026 05:11
e6667f08-5a79-4e1b-9ca0-a58566bb7d47,catchful.expert,available,,,high,high,8,,,,
0c922ac3-b50d-437c-a4be-1a3baac77ea3,plaguy.expert,available,8.98,82.48,medium,low,6,namecheap,,,
59d48c7e-dc58-4e97-94a1-0c98b2df0625,fashionability.expert,available,,,high,low,14,,,,
0fe6e0ef-2d3a-4add-a144-82cfcf26c9b1,billyo.expert,available,8.98,82.48,high,low,6,namecheap,,,18/09/2026 09:10
024e8f97-efa1-4b3e-b7f6-2c9ad93603db,elephantic.expert,available,,,high,high,10,,,,
3a46b340-c48e-4fc3-a5ea-1e5cef5f57db,arbiter.expert,available,8.98,82.48,high,low,7,namecheap,,,20/09/2026 00:41
54992e88-fa12-4b47-bcf4-937fe9f33905,efficiently.expert,available,,,high,high,11,,,,
37b75b53-1f27-4ba6-9d22-071a6c52d59d,anglicise.expert,available,,,high,high,9,,,,
d1813280-c003-40ad-add4-6ba9be3b3683,meatball.expert,available,,,high,high,8,,,,
98e1004d-9bfa-4603-9cfa-eaa5e7e34a8d,leftist.expert,available,8.98,82.48,high,low,7,namecheap,,,12/08/2026 17:05
5a51f7e7-143c-463e-a675-050537ce957b,quinces.expert,available,,,high,low,7,,,,
24cb9e42-de8c-4a56-8a59-46cda8138e84,orrin.expert,available,,,high,high,5,,,,
cf028fbf-dcbd-42bb-abce-5a3a1261c677,startled.expert,available,8.98,82.48,high,low,8,namecheap,,,10/09/2026 19:00
60ad6076-1608-4fea-8a9f-e5d421f4d2c5,bsp.expert,available,,,high,high,3,,,,
f17e3244-d3d5-4bdd-891f-34efba05cc80,incumbent.expert,available,8.98,82.48,high,low,9,namecheap,,,22/08/2026 02:03
6d298f53-3b3e-43c5-9465-3126ff9f1099,reddiquette.expert,available,,,high,low,11,,,,
1cc2eb66-7f19-47b8-b2be-1da0a3d6e4b8,resurgent.expert,available,8.98,82.48,high,low,9,namecheap,,,09/09/2026 13:53
e02308c5-995e-4e0d-9afb-8e1032849eb0,autopsy.expert,available,10.99,62.49,high,low,7,namesilo,,,21/09/2026 07:38
516407c7-4e61-4d0a-a034-19dfa8189e49,klanada.expert,available,,,high,high,7,,,,
e1c8229d-a990-44b6-8798-91dc535c224f,mullet.expert,available,,,high,high,6,,,,
626402b5-75e4-41bb-9353-f445860b3e50,imperialism.expert,available,,,high,high,11,,,,
a72d9937-f6c9-4b32-a076-129eda1eca05,conclusiveness.expert,available,,,high,low,14,,,,
6cc83543-c7df-46b7-8c21-57b6e3c2b0fa,sensualize.expert,available,,,high,high,10,,,,
7e257051-d71c-47d7-a2c3-a52eab0ef4af,effects.expert,available,,,high,high,7,,,,
e6f8494a-52bc-42c6-9f2b-57bb3b3257ce,literatures.expert,available,,,high,low,11,,,,
a3714e06-2e8d-47b0-8b08-e29e6aead4b2,barb.expert,available,10.99,62.49,high,low,4,namesilo,,,22/09/2026 04:14
4b2d6b54-b1cd-4e2c-8797-5e34bf7e6d9c,tear.expert,available,10.99,62.49,high,low,4,namesilo,,,26/09/2026 00:12
bc83a1cb-1965-4f7d-ac07-fa6797553083,charleston.expert,available,11.99,,high,low,10,name.com,,,
ff6a8ee4-79c9-462a-9055-5d02c2d66c72,adhira.expert,available,,,high,high,6,,,,
b874219b-f97a-4047-9d24-98ed77ac3468,incabin.expert,available,,,medium,low,8,,,,
30df1a0c-fb03-4fb8-9940-0c41c9686054,shrieking.expert,available,8.98,82.48,high,low,9,namecheap,,,09/09/2026 23:55
38c3546c-fee1-4479-bdc3-6ff40164e84a,requiring.expert,available,,,high,medium,9,,,,
97b038b5-3814-40e6-9a45-97a776b631bb,conveying.expert,available,,,high,high,9,,,,
0821d7fa-b116-4810-a865-1b11d6388c9c,acridid.expert,available,10.99,62.49,high,low,7,namesilo,,,17/09/2026 02:59
367e2300-f21d-47b9-9c27-8cb8236b8e6c,calliope.expert,available,,,high,high,8,,,,
ecf7b553-a6d4-4eb9-82da-c42ed7250191,spindrift.expert,available,,,high,high,9,,,,
05c77c47-5187-4e42-b6b4-3f3cd0ef0025,spelt.expert,available,,,high,high,5,,,,
df379753-5623-4197-b1e8-3baea463c909,pinochle.expert,available,10.99,62.49,high,low,8,namesilo,,,23/09/2026 12:19
4d2a1965-86d9-46f0-a286-aa8bb0f08e52,roofer.expert,available,,,high,high,6,,,,
e6ad6663-9047-4233-b564-6ebb9661e4f2,packager.expert,available,,,high,high,8,,,,
765290df-e0ab-4adf-91b2-0a23129fd678,carrying.expert,available,11.99,,high,low,8,name.com,,,
e09ef9a4-d279-4549-b353-8e58747be251,preapproved.expert,available,,,high,medium,11,,,,
4ecf497c-4992-4456-ab0d-fc396d99c708,subtlety.expert,available,,,high,high,8,,,,
7d275151-d798-445c-bdc6-2e3d3c1f2754,betting.expert,resell,,,high,low,7,"Spaceship, Inc.",12/05/2014 17:45,12/05/2027 17:45,09/08/2026 18:14
005473b6-d0ed-4028-b6a6-81b7a1bd78e6,lipsticks.expert,available,,,high,low,9,,,,
a943cead-26d8-41f9-8456-f7ecc34b8913,milliner.expert,available,,,high,high,8,,,,
e2b2d019-5080-4c20-88c5-8fd5214d5abd,adalia.expert,available,10.99,62.49,medium,low,6,namesilo,,,17/09/2026 06:12
3e5abd8f-e7bc-4a90-af58-416b6706c8c4,watercrafts.expert,available,,,medium,low,11,,,,
9740f583-9211-4707-919d-9b011a867ff1,sororities.expert,available,,,high,high,10,,,,
c59b3f90-6f5d-4f60-b798-6158a0249f81,ported.expert,available,10.99,62.49,high,low,6,namesilo,,,20/09/2026 15:39
a7ae16dd-2c96-4859-9479-0b0d64badd17,matisse.expert,available,11.99,,high,low,7,name.com,,,
c11b5970-8f3c-4892-bdc4-1862eaa6f9fb,rockabye.expert,available,,,high,high,10,,,,
814253f5-f241-412b-af2f-0674ac51e48c,watermarks.expert,available,,,high,low,10,,,,
19cf75e5-2114-468c-9421-5beeefc54fa8,russell.expert,available,10.99,62.49,high,low,7,namesilo,,,16/09/2026 13:01
ce11377d-860f-4484-b53c-431ebbf37950,victoria.expert,available,11.99,,high,low,8,name.com,,,
45d60502-c735-4294-a004-75e0bcc8367d,refrigerates.expert,available,,,medium,low,12,,,,
e67ca55a-cc05-4e87-b605-886dc1787295,republic.expert,available,,,high,high,8,,,,
9ef25bc3-8f3f-4de3-8b4e-607a66d6e109,spinning.expert,available,,,high,high,8,,,,
e5a95ae8-ccd0-4dcf-a86c-9474a40d32f4,checked.expert,available,8.98,82.48,high,low,7,namecheap,,,12/08/2026 03:36
9855ed77-cecf-427d-9f19-54e16cfed209,kilocalorie.expert,available,,,high,high,11,,,,
40c56e3a-b530-49b4-bb5f-8bc76fb7f37d,hippie.expert,available,,,high,high,6,,,,
5d2d49b8-fef8-4201-a3c6-50cc66472f69,ploughland.expert,available,,,high,high,10,,,,
d47790d6-9e11-4af4-af66-01d3a26b132f,invariant.expert,available,8.98,82.48,high,low,9,namecheap,,,12/08/2026 22:54
0d081aab-3050-4923-92bb-cf4af382ecb3,absolutized.expert,available,,,medium,low,11,,,,
fdd34bdd-db93-40ce-b49a-0ec052bfc163,iffiness.expert,available,,,high,low,8,,,,
0d3446e9-35d9-48e0-8cbf-f974bfd1541c,girder.expert,available,,,high,high,6,,,,
385d5d76-f233-4965-a6dd-e1c2d402c4d9,cardi.expert,available,,,high,high,5,,,,
ab0ff6ec-2a12-4621-87fa-49a003b6c61c,frontpages.expert,available,,,high,low,10,,,,
97478580-3f31-47d1-b786-7d902448d716,modicon.expert,available,,,high,high,7,,,,
d510527c-8be0-46b5-9fb6-e7a963a22260,validated.expert,available,,,high,low,9,,,,
3cfda9f2-ec72-44d7-a520-82bcb4468617,esterify.expert,available,,,high,high,8,,,,
9e643720-8d02-47f4-b1e9-946729a80b81,throw.expert,available,11.99,,high,low,5,name.com,,,
df5bbc09-6453-42a7-91bd-c89882f1f13b,dainties.expert,available,,,high,low,8,,,,
606c4fe2-e74b-4228-b68e-698e8cf51ecd,glyph.expert,available,,,high,high,5,,,,
16b44ef2-9ef4-4eb4-89af-1fb5e53074c7,valiant.expert,available,8.98,82.48,high,low,7,namecheap,,,13/09/2026 00:55
ead998e7-1c6c-4379-a940-3d74a5bcc0a4,oleander.expert,available,,,high,high,8,,,,
b568e235-766b-4cda-8371-b596f0a5bb73,sweetfish.expert,available,,,high,low,9,,,,
ec5226ca-13c9-4220-a027-61b1d14fb5e0,trombonist.expert,available,,,high,high,10,,,,
49f7858c-10ec-46ed-9952-4dc0c7d2ea78,inflammasome.expert,available,,,high,high,12,,,,
ddd27e88-fbf2-468d-9443-410c9f113eea,slavelike.expert,available,8.98,82.48,medium,low,9,namecheap,,,10/09/2026 10:32
209def64-c669-46d5-a1d6-c99a2fd047f4,anchors.expert,available,,,high,medium,7,,,,
e4f64626-68c3-47e4-b5bf-09df6f222036,annulated.expert,available,8.98,82.48,high,low,9,namecheap,,,
dc4669ad-ffb4-4435-b4f8-cc0999930f6e,herbivorousness.expert,available,,,medium,low,15,,,,
a8142ccb-9c8a-464f-b1bc-b303af45aa90,jukeboxlike.expert,available,,,high,high,11,,,,
20b785ff-3bfc-45d3-85db-b63389c3d3a2,pernicious.expert,available,8.98,82.48,medium,low,10,namecheap,,,08/08/2026 12:01
37e49f20-23a4-4ce2-98f9-d9a029d8f37c,aalto.expert,available,10.99,62.49,high,low,5,namesilo,,,16/09/2026 13:16
1e33d8cb-80d6-4591-acfe-6c84d722f011,bellboy.expert,available,8.98,82.48,high,low,7,namecheap,,,23/09/2026 05:55
c7d208db-e60d-4ff8-b90f-89e915c9aff5,funkadelia.expert,available,,,high,high,10,,,,
d9d07dd6-5ae1-4f13-9101-11165e93f0c9,footsteps.expert,available,,,high,high,9,,,,
28ad1568-b5cc-4e1e-8176-6b239b35021a,polaroid.expert,available,,,high,high,8,,,,
132f8795-dbd8-4cc9-a63c-a41955865651,aqualung.expert,available,8.98,82.48,high,low,8,namecheap,,,19/09/2026 22:54
9540addf-4472-487d-811c-87402671f3cf,hopes.expert,available,8.98,82.48,high,low,5,namecheap,,,25/09/2026 19:44
6e9c5f21-9f11-44b4-bbc6-b4ab1e96aef8,mockingly.expert,available,8.98,82.48,medium,low,9,namecheap,,,14/09/2026 12:02
a4ee1a2d-3b6a-4887-bbd9-300fe3ad87f5,toned.expert,available,8.98,82.48,high,low,5,namecheap,,,11/09/2026 17:02
51016468-178c-4c9a-a591-97f4d80dfdaf,stratified.expert,available,8.98,82.48,high,low,10,namecheap,,,09/08/2026 06:36
bdcaa618-b165-44f8-a0eb-e4a822ec0bc6,exchangeable.expert,available,,,high,high,12,,,,
c203a88e-5b7b-43ab-9f86-080422f27a84,kylie.expert,available,,,high,high,5,,,,
c56ffd2a-2349-4a50-80b4-e54fae6a1a4f,automatism.expert,available,8.98,82.48,high,low,10,namecheap,,,21/09/2026 06:59
31f68f1d-fbf7-4bef-862c-6374f889c0fb,layn.expert,available,,,high,high,4,,,,
cbfd4d46-55e7-43dd-9159-8d24a459309b,oswald.expert,available,11.99,79.99,high,low,6,name.com,,,25/09/2026 08:53
1d52d810-1e14-43dc-a7c4-62192ad440b9,flatley.expert,available,,,high,high,7,,,,
a47bd662-68b4-41d1-b504-f8220a4db22e,twirlers.expert,available,,,medium,low,8,,,,
0680bc80-cb7d-4a50-b2d4-def344fa2224,question.expert,resell,,,high,low,8,Porkbun LLC,27/03/2026 18:16,27/03/2027 18:16,25/09/2026 10:22
391dacfb-bda2-4e31-89c1-3dcb65ed8e9c,fruitwood.expert,available,,,high,high,9,,,,
eeb5bcea-1d13-46fa-936d-73ce169b929b,decency.expert,available,,,high,high,7,,,,
2025d667-d189-4368-a68f-506ddf6154cb,cretin.expert,available,8.98,82.48,high,low,6,namecheap,,,21/08/2026 20:26
933decae-9d55-4a14-93eb-f4af1a21b099,mosketoe.expert,available,,,high,high,8,,,,
18bd9a60-2fcd-4b5d-8161-e90e36b02b9b,centrefold.expert,available,,,high,high,10,,,,
3046ca30-2183-4ab3-92fe-3b77c63b6e8b,millet.expert,available,,,high,high,6,,,,
f2d6127c-e4d9-4fd6-a734-1ac6bdceb165,cloggy.expert,available,8.98,82.48,medium,low,6,namecheap,,,12/08/2026 11:46
c90a9749-e0b0-4bc6-ae96-d263f3bb9c26,guangzhou.expert,available,,,high,high,9,,,,
8b647d2a-6a9b-401e-9b87-5919112d945e,puree.expert,available,,,high,high,5,,,,
6f47196d-bcec-462e-898c-abee142cd517,keypresses.expert,available,10.99,62.49,medium,low,10,namesilo,,,18/09/2026 22:01
8eee7b4e-afae-4d45-8c53-be13e19866b0,hobbs.expert,available,,,high,high,5,,,,
8107b367-1cfc-484e-af6c-b544640c5ce4,deregulate.expert,available,,,high,high,10,,,,
c39b493f-261f-4cd5-aa5c-d9a5e0fd97f5,stradivari.expert,available,10.99,62.49,high,low,10,namesilo,,,19/09/2026 15:41
d2f3f776-b7c9-49d8-bf47-309be91f2020,gagwriter.expert,available,,,high,high,9,,,,
789c82b4-16f6-40cf-a32d-335958a89bfc,chloroplast.expert,available,,,high,high,11,,,,
7d6baeb4-6908-4f81-a7b0-94f2a6e60831,reigns.expert,available,,,high,low,6,,,,
63919bf9-6ed2-4053-84b1-bc58b76c4275,fpda.expert,available,,,high,high,4,,,,
e854d585-1dc4-4c0b-8b4a-9349b126804f,movieverse.expert,available,,,high,high,10,,,,
31f63e84-c61b-463c-b8a4-141b8de620e4,artless.expert,available,8.98,82.48,high,low,7,namecheap,,,06/08/2026 23:47
ea851ec3-dacc-48fb-88b5-3fe77525187d,nudist.expert,available,,,high,high,6,,,,
238daf5f-6d65-4945-b60e-b28d0732bd06,porches.expert,available,,,high,low,7,,,,
644c5c8a-c2ee-437d-9a39-2f74259183dc,pahlevi.expert,available,,,high,high,7,,,,
6a883faf-7dc3-4c01-9dde-4b6707166e11,capri.expert,available,,,high,high,5,,,,
dcc5a0f2-f1c7-439c-b6f1-9261608086aa,letting.expert,available,8.98,82.48,high,low,7,namecheap,,,09/09/2026 14:21
ce22adfa-ed7c-4462-86a6-30ed5c905f00,guiltless.expert,available,8.98,82.48,high,low,9,namecheap,,,12/08/2026 10:18
61d4d66c-6589-4699-ade0-009d12864e96,profiterole.expert,available,,,high,high,11,,,,
1dd8a3b2-4e49-44c0-a404-2467f614adf0,inaugurate.expert,available,,,high,high,10,,,,
bff55a36-1233-4275-9bb9-e1cca1a52a74,musicologic.expert,available,,,high,high,11,,,,
291678aa-59a6-4eb9-98d6-f9fd871e068d,twirl.expert,available,,,high,high,5,,,,
8b7f3cac-2ad4-404c-8ebe-d5f5e8f8b14a,elizaveta.expert,available,,,high,medium,9,,,,
697d3d75-a8d0-4e9a-8c56-3385efc4c8af,lavenham.expert,available,,,high,high,8,,,,
73a42d2c-955c-44cb-a7cf-59d2f0c35d52,sister.expert,available,10.99,62.49,high,low,6,namesilo,,,26/09/2026 00:18
a048db24-4771-41cb-8d69-e627c24a9b72,hypes.expert,available,,,high,medium,5,,,,
4a063da4-e4b5-4add-9edf-46eda28014fd,forsake.expert,available,8.98,82.48,high,high,8,namecheap,,,14/08/2026 03:54
494afa5d-bf77-4909-b73e-f4e7ad9ea60f,pagan.expert,available,8.98,82.48,high,low,5,namecheap,,,18/08/2026 21:57
d40fac44-3eca-4c78-9316-027cb932f262,mainboard.expert,available,,,high,high,9,,,,
9883eebd-6aca-40e8-ad24-ea839a0d9e21,weycroft.expert,available,,,high,high,8,,,,
35fca34f-b09f-41c2-acee-da3c2b0b4109,introverts.expert,available,,,high,medium,10,,,,
c6c07ad5-2a3c-4d64-b56c-4bdf2ff67831,coeliac.expert,available,8.98,82.48,medium,low,7,namecheap,,,12/08/2026 15:21
c3e6d27d-2b6c-4b5e-b3e7-6ea0ec174f7a,billlike.expert,available,,,high,high,8,,,,
71475cbe-6866-46b7-bf6e-8ff66f4393be,tie.expert,available,,,high,low,3,,,,
bb89bc6a-0796-4a80-8711-8dd8bcaf4ef2,modernity.expert,available,10.99,62.49,high,low,9,namesilo,,,24/09/2026 17:40
851eb83d-e373-4ba1-a0a5-03910da84b09,unifier.expert,available,,,high,high,7,,,,
d3f67c1e-e851-4566-8722-415801a17ef0,visualizers.expert,available,,,high,low,11,,,,
733b647f-78e4-48c6-aaf0-c2074a0be6e7,entertains.expert,available,,,high,low,10,,,,
9f133d03-fdab-4443-8ec0-fda27e1fa132,fannie.expert,available,,,high,high,6,,,,
90742f4b-e739-46d9-b151-e58481664276,crutch.expert,available,,,high,high,6,,,,
98ede196-80c7-4af6-a391-90115da4418e,propertied.expert,available,8.98,82.48,high,low,10,namecheap,,,09/09/2026 03:34
53cceaf3-8e8e-4dc0-ab2f-9e050bc2dc25,encompass.expert,available,,,high,high,9,,,,
2ed63f5e-ce4f-49e7-8ff4-e76561540210,credo.expert,available,10.99,62.49,high,high,5,namesilo,,,25/09/2026 09:10
c7d61514-20d0-48db-86f0-8c552b74d0d6,crowding.expert,available,,,high,high,8,,,,
5ba1b4d8-c49a-44e7-986b-3f03349eb600,careful.expert,available,10.99,62.49,high,low,7,namesilo,,,23/09/2026 12:50
658962f2-dd19-4bd6-b280-9706799c99a7,melburnian.expert,available,,,high,high,10,,,,
398907b4-c0c7-4ae4-9d86-3c45f2c7bf0e,preen.expert,available,,,high,high,5,,,,
c028789b-5a49-4019-bc9f-3ed70b9cca9e,bakeryful.expert,available,,,high,low,9,,,,
ff167ebf-625d-44da-8dac-ea7e10195923,standpoint.expert,available,,,high,high,10,,,,
9cecc7ad-c906-411a-ad18-77ba5ec4255b,limb.expert,available,,,high,high,4,,,,
57d1b102-cc5a-4ddc-a473-750eb6bdbfe1,jubilant.expert,available,8.98,82.48,high,low,8,namecheap,,,17/08/2026 19:46
deff5449-4fa5-47e4-863f-9d05215b6a17,designate.expert,available,8.98,82.48,high,low,9,namecheap,,,14/08/2026 03:42
feee6621-5ae5-4796-878f-cd9765054888,hoisting.expert,available,,,high,high,8,,,,
4ac51fcd-8b93-4b5e-a324-3a9acfa566b4,badaga.expert,available,10.99,62.49,high,low,6,namesilo,,,21/09/2026 16:58
39c45978-d30b-4fa2-9542-c10907d007a4,breadwinner.expert,available,,,high,medium,11,,,,
989b168e-d41c-4d5b-9e6b-412cf73611e1,quist.expert,available,,,high,high,5,,,,
488f6a26-24ca-4d5f-b9aa-3c46db036253,supermouse.expert,available,,,high,high,10,,,,
a42e2a06-6a72-411c-977c-b56f9714fb3b,sprays.expert,available,,,high,low,6,,,,
96affeaf-4529-438a-b698-7751a54effd0,galore.expert,available,,,high,high,6,,,,
c8ea3d6a-95c8-47cf-b952-bbdceffb845c,redwood.expert,available,,,high,high,7,,,,
b973c93b-aec6-4b1d-91b0-739f21e132ac,tensile.expert,available,8.98,82.48,high,low,7,namecheap,,,11/09/2026 11:30
551892c2-3a77-4167-9aca-b7da92d03749,laterwards.expert,available,,,high,high,10,,,,
3d93f155-1342-458b-808f-e874c40debd7,conductorship.expert,available,,,high,high,13,,,,
76ea0ead-d766-4390-b4ae-515a02c1b4b6,isosceles.expert,available,8.98,82.48,high,low,9,namecheap,,,22/08/2026 11:16
7867cffd-7571-491c-b221-4c52abf14a86,festive.expert,available,8.98,82.48,high,low,7,namecheap,,,18/08/2026 02:14
23b174ba-fe72-4a26-aa11-af543054aa0c,sick.expert,available,10.99,62.49,high,low,4,namesilo,,,23/09/2026 02:10
936e0a83-c8ef-4a5c-be44-27717d162b2a,courgette.expert,available,,,high,high,9,,,,
193e3cd6-fe2b-4a2a-8cb8-f392540a9b66,observing.expert,available,8.98,82.48,high,low,9,namecheap,,,04/09/2026 00:01
01339ba0-48d4-4051-a003-51eb8d469a03,knockdown.expert,available,8.98,82.48,high,low,9,namecheap,,,22/08/2026 16:34
44860c5d-8713-46cb-9cd2-4bb4d05224d2,berkelium.expert,available,10.99,62.49,high,low,9,namesilo,,,21/09/2026 00:14
4666c934-2d07-4579-9a60-c40a82e14676,whippingham.expert,available,,,high,high,11,,,,
5b941a85-3a1c-47a1-9edb-fa1f11d10e68,miners.expert,available,,,high,medium,6,,,,
9f78ca8b-3694-4a10-90e9-641fd9f11955,jansen.expert,available,,,high,high,6,,,,
982c680d-2fb9-40be-b737-e9e78313b971,awl.expert,available,10.99,62.49,high,low,3,namesilo,,,21/09/2026 10:07
9c7222c3-ea95-42a0-9450-43216d7f6b5d,wolfe.expert,available,10.99,62.49,high,low,5,namesilo,,,25/09/2026 10:55
b71467af-f307-4860-b013-82223f4c69f5,contrary.expert,available,10.99,62.49,high,low,8,namesilo,,,23/09/2026 22:29
17c611fb-5378-47fa-a6dc-9ed119e52e6c,coupmaking.expert,available,,,medium,low,10,,,,
dc7ffc8b-a7fe-43f8-bda5-c22ac473dcec,rivalry.expert,available,,,high,high,7,,,,
9a696819-d78e-48a8-b5ad-ba93cd7db37d,out.expert,available,8.98,82.48,high,low,3,namecheap,,,25/09/2026 17:35
350cd9d2-cc1f-4e36-aa2c-9ccb93b2f668,swinging.expert,available,8.98,82.48,high,low,8,namecheap,,,23/08/2026 08:43
4d11c749-d4a4-4dfd-8807-a0a96244730d,greaser.expert,available,,,high,high,7,,,,
a3514ea4-4910-4bb5-a0a0-97149842d50d,hackeysack.expert,available,,,high,high,10,,,,
7eec5018-f0d0-4c50-8f48-add46fe80e61,restrengthens.expert,available,,,low,low,13,,,,
dcd13397-9d6b-4b40-bcf7-a83e5d50f9ec,eroding.expert,available,8.98,82.48,high,low,7,namecheap,,,13/09/2026 09:08
a2b0a387-7f75-4868-9052-b24a4cfd9eeb,maintain.expert,available,11.99,,high,low,8,name.com,,,
bf66ca0b-94ac-4cef-b42a-bc67ca35c598,advertorial.expert,available,,,high,high,11,,,,
c3ecd0ac-2621-4b6f-81c8-3b0ffb7e7510,crust.expert,available,8.98,82.48,high,low,5,namecheap,,,24/09/2026 14:05
7057c332-d99b-4b0b-98d1-db2d76df2b07,butterflies.expert,available,10.99,62.49,high,low,11,namesilo,,,16/09/2026 12:02
e399b7f6-f2ed-4c3e-a489-4c9435020415,matola.expert,available,,,high,high,6,,,,
503edb41-0ac1-483a-8527-7228de14eb76,cora.expert,available,,,high,high,4,,,,
eec9968c-b66f-4bfb-93b9-7be83c365754,leukemia.expert,available,10.99,62.49,high,low,8,namesilo,,,24/09/2026 11:59
4472e24a-ef2e-402c-9cc6-74ec02deaf20,banoffee.expert,available,,,high,high,8,,,,
97e85219-4101-44b2-9578-90e55a1a23fc,acca.expert,available,,,high,high,4,,,,
cb8af4df-55c2-4dc1-8a06-f0d634642418,hitout.expert,available,,,high,high,7,,,,
e32d4896-a0a7-4573-a85c-58ae79631a50,fortner.expert,available,,,high,high,7,,,,
5f188cc8-7490-4eb8-b52d-5741a61d17b4,microfilm.expert,available,,,high,high,9,,,,
fcded7f5-8b73-41cf-92cb-c1c95f5d373c,workload.expert,available,,,high,high,8,,,,
966afe24-40fd-4e0a-a7f8-977b3eed6640,baboons.expert,available,,,high,low,7,,,,
50f158fc-1498-48a4-9da6-35e304b4eea8,ameer.expert,available,8.98,82.48,high,low,5,namecheap,,,18/09/2026 18:04
2233499e-c324-4a7d-a60e-1956bd26f5de,spry.expert,available,8.98,82.48,high,low,4,namecheap,,,
bf1fc1a6-5c12-4478-953e-9bcf442db694,hangout.expert,premium,500,,high,high,7,name.com,,,
c55524f6-bbd3-4b2a-b76c-912ff5f0748e,succession.expert,available,,,high,high,10,,,,
1d8e4aca-f824-4788-883b-74a57c434ce3,multiculturalist.expert,available,,,high,high,16,,,,
17b1abf7-bd78-4044-a55d-2fe7159e57f1,woodchopping.expert,available,,,high,high,12,,,,
4e264b70-e70f-4ff0-ae78-642c21559b99,glovemaking.expert,available,,,high,low,11,,,,
fe1dc6e8-dc71-4b1c-828a-2f8f14fe322e,squatting.expert,available,8.98,82.48,high,low,9,namecheap,,,10/09/2026 17:35
4bcfd899-a30e-4780-9eb3-dabf8aa74cf8,sandcastles.expert,available,,,high,medium,11,,,,
3ed02643-8e51-4e06-95ef-ab6463d6ead7,muskrat.expert,available,,,high,high,7,,,,
95b13568-9c36-4055-95dd-ea077fbcfa31,beet.expert,available,10.99,62.49,high,low,4,namesilo,,,23/09/2026 01:49
68ee8679-5274-4dbe-8835-a7cc97de3768,divergence.expert,available,,,high,high,10,,,,
b724a33e-f5a5-4e1e-811f-7972df595eaa,paige.expert,available,,,high,high,5,,,,
a593c5f2-dd38-49ac-967c-d7ff96b1918a,alleged.expert,available,10.99,62.49,high,low,7,namesilo,,,22/09/2026 01:19
1b092da9-ee99-447c-a58b-654405afdb4c,whitesmith.expert,available,,,high,high,10,,,,
5dae4258-554a-4f3c-b348-97a5c33e4c6f,vday.expert,available,,,high,high,5,,,,
12060baf-74b6-40d7-b457-60655312e46d,instructer.expert,available,,,high,high,10,,,,
863be25c-4c70-4b8f-a483-39b4c45099b8,abyla.expert,available,10.99,62.49,high,low,5,namesilo,,,16/09/2026 15:53
9ec855b9-9eaf-4047-aa30-aceaf0d582b6,nourishes.expert,available,,,high,low,9,,,,
81cbf83d-7a15-4301-845e-54a0092ff40a,seraph.expert,available,,,high,high,6,,,,
6de73a12-663d-41a0-96ff-dfd48ae41b4c,mucker.expert,available,,,high,high,6,,,,
1536d6a5-6884-405d-9f60-c09f94e71b26,yearningly.expert,available,8.98,82.48,medium,low,10,namecheap,,,15/09/2026 12:56
ee87de40-490e-4c8a-85ee-5e5afe80fcb6,additive.expert,available,8.98,82.48,high,low,8,namecheap,,,
3845d8da-1195-4ae4-a439-4e98f0b85ccd,balanitis.expert,available,8.98,82.48,high,low,9,namecheap,,,21/09/2026 21:01
4a1f467f-3088-4c2b-8d3c-4b82badcbbcf,mercenary.expert,available,8.98,82.48,high,low,9,namecheap,,,24/08/2026 17:14
74e676be-db0f-42a4-ae5a-b81f7c21a8ed,geekout.expert,available,,,high,high,8,,,,
7ab45f8f-14ca-4e3f-884e-7b8ec203bf9f,mammography.expert,available,,,high,high,11,,,,
3580796a-051b-4c23-954a-670109cad9ad,bonobo.expert,available,,,high,high,6,,,,
32c97cec-4528-44b5-9c2f-f8fb27ad9a63,goth.expert,available,,,high,high,4,,,,
607608df-2529-46a8-9068-361c1572213f,redact.expert,available,,,high,high,6,,,,
3020dcbf-db4c-42ff-b434-d31029c88b4c,holmes.expert,available,10.99,62.49,high,low,6,namesilo,,,20/09/2026 10:51
871cfb20-4399-47b4-b659-df1856293838,deepnight.expert,available,,,high,medium,9,,,,
b79e976c-153d-46fc-941e-3ce12e1cbcd6,dispel.expert,available,,,high,high,6,,,,
b504812e-2dbf-4f1e-813f-17e2b84532cd,carelessly.expert,available,8.98,82.48,high,low,10,namecheap,,,14/09/2026 05:19
da7e312f-aec8-4bba-b054-219381c43a04,idyllically.expert,available,,,high,high,11,,,,
8c1b956a-1f90-44b5-9c98-7ead47d01304,juliaca.expert,available,,,high,high,7,,,,
01f0172f-2c91-4090-aa72-d8c0cfd9efaf,abbotcy.expert,available,82.48,,high,high,7,namecheap,,,
a8ee5590-cd71-4e5f-b248-8a0d2dfb4a7f,localise.expert,available,,,high,high,8,,,,
17de5338-5069-466a-8afc-17df6c43365b,oaxaca.expert,available,,,high,high,6,,,,
35e60e57-ff72-4a2a-900e-9f25fdb8cf66,desalinate.expert,available,,,high,high,10,,,,
707c8367-09b8-48e1-8c9b-10717ee005ac,biases.expert,available,10.99,62.49,medium,low,6,namesilo,,,18/09/2026 23:44
86fb1875-33f3-4ce9-b98f-9cdf8eaae053,beggar.expert,available,10.99,62.49,high,low,6,namesilo,,,23/09/2026 02:08
0d4ab564-a1c4-4cc7-b42c-978b8b6ac050,jabbering.expert,available,,,high,high,9,,,,
565a10e3-38d8-4614-9d69-130f637e58cf,ivory.expert,available,8.98,82.48,high,low,5,namecheap,,,04/09/2026 01:20
ae776040-2e95-4236-89fd-1c86974f55f7,hyperledger.expert,available,,,high,high,11,,,,
4a82b10a-5121-4711-88f5-c6a0304bb8cf,contorni.expert,available,,,medium,low,8,,,,
acd2b5b6-466f-4fe6-92ba-231c64956725,rector.expert,available,,,high,high,6,,,,
e9fbf0b4-be66-478a-bf82-053aedc4791d,midpoint.expert,available,,,high,high,8,,,,
0e0648be-eca4-48f5-a680-90dec25192be,tumultuous.expert,available,8.98,82.48,medium,low,10,namecheap,,,14/08/2026 12:25
c797db26-152d-41bd-8ece-1437aa46da46,ulterior.expert,available,8.98,82.48,high,low,8,namecheap,,,22/08/2026 20:32
163d5700-a003-4978-ad8d-6c9cc5ebc401,agent.expert,resell,,,high,medium,5,"Spaceship, Inc.",16/05/2024 15:16,16/05/2027 15:16,26/09/2026 01:26
08dc097e-85de-43c9-bb7d-f9db078cca6e,beriberi.expert,available,10.99,62.49,high,low,8,namesilo,,,23/09/2026 09:23
1f7476c6-192d-4254-b068-9f652d41adf2,coeffective.expert,available,,,high,low,11,,,,
25b81fd4-5f53-4346-93a8-9328d2c2b392,courses.expert,premium,1040,1040,high,low,7,namecheap,,,
d57ee80f-44eb-4327-a5bb-25d059d35441,flippant.expert,available,8.98,82.48,high,low,8,namecheap,,,18/08/2026 08:32
13d8ba6b-90fc-43ff-928f-ccc1923293a4,breakable.expert,available,8.98,82.48,high,low,9,namecheap,,,11/08/2026 02:59
309a5085-dbd5-436c-97b7-4f7a07ba7657,perennially.expert,available,,,high,high,11,,,,
fdbf717d-278f-4bf2-bf0c-863247dd4769,forges.expert,available,,,high,medium,6,,,,
96bc46fd-f65d-4c7a-ab74-525c5b74e183,fortes.expert,available,,,high,medium,6,,,,
bcb27c80-8a00-4b9f-99ba-e065c54137dc,messed.expert,available,10.99,62.49,medium,low,6,namesilo,,,17/09/2026 16:53
97aa699b-e2de-4d5b-b604-7b4874f1b3fa,restocks.expert,available,,,high,low,8,,,,
98e63595-0c4e-4e5f-9951-3fd1084c7edc,bene.expert,available,,,high,high,4,,,,
42d7d9fd-49b1-4f70-b72f-82a02c7813b0,supermarkets.expert,available,,,high,low,12,,,,
815dc11e-a028-44d5-83ca-f31e27dcbeac,mouthwash.expert,available,11.99,,high,high,9,name.com,,,
7288c7e7-3532-4ba0-bf56-8efd7ecc7c6d,nutrient.expert,available,8.98,82.48,high,low,8,namecheap,,,08/09/2026 11:42
3720dcd2-a0e0-4c90-9af0-12676fd14fca,metrobus.expert,available,,,high,high,8,,,,
07cb730b-99df-4407-8c3f-024d387491e2,flatbread.expert,available,,,high,high,10,,,,
66c15dff-7820-4fc8-8edb-d6c307236ff8,attaboy.expert,available,,,high,high,7,,,,
aa2c5c4f-95df-4015-bdd3-09959ab59c48,patristic.expert,available,8.98,82.48,high,low,9,namecheap,,,08/09/2026 10:38
8ab051a5-81df-4d6a-9a1c-5795924073e1,sausagemaking.expert,available,,,high,high,14,,,,
38869144-36ee-47d9-a6ee-d6f49df31e1e,burn.expert,available,11.99,,high,low,4,name.com,,,
2f85530d-2f27-4172-8fb2-7fcaa35fe36b,vagal.expert,available,8.98,82.48,high,low,5,namecheap,,,08/09/2026 22:07
c5c2ba6c-7586-4859-bbf9-8cee80c00832,causally.expert,available,8.98,82.48,high,low,8,namecheap,,,14/09/2026 06:01
ba733ec3-7418-40ed-ace9-cb8b1d3e1332,attashin.expert,available,,,high,high,8,,,,
673016be-0971-4dbb-b5c0-c89e24bd5ae1,unparallel.expert,available,8.98,82.48,medium,low,10,namecheap,,,12/09/2026 16:27
ad4eb041-51d2-46e4-b623-ce051654f391,proteomics.expert,available,82.48,,high,high,10,namecheap,,,
b1bbac55-9e82-4e3c-bf72-51b920c912b9,mule.expert,available,,,high,high,4,,,,
eff7162d-1e3f-49cd-baab-cb658778cf67,tempting.expert,available,8.98,82.48,high,low,8,namecheap,,,22/09/2026 01:44
df70581a-8872-41f3-b193-7e575f8e7204,submersibles.expert,available,,,high,low,12,,,,
66ca1632-e2cb-4b45-bed9-f4467d0d5cb7,looper.expert,available,,,high,high,6,,,,
5e0f99b6-587e-4ee6-8575-a3fdd18f6adf,covid.expert,available,11.99,,high,low,5,name.com,,,
0fd37fc5-150e-489b-904a-4b4e4a6d5ec0,gilgamesh.expert,available,,,high,high,9,,,,
c2b81655-dc01-41e4-b62a-4cff902945fe,aconitum.expert,available,10.99,62.49,high,low,8,namesilo,,,17/09/2026 02:06
c61e2105-3797-4841-952f-49558a76a879,satisfies.expert,available,10.99,62.49,high,low,9,namesilo,,,20/09/2026 14:54
73465927-0599-4f75-b65b-06e2a6fd385b,mythological.expert,available,,,high,high,12,,,,
e5d90bc9-692d-4267-add9-f26f17dcc276,turing.expert,available,10.99,62.49,high,low,6,namesilo,,,18/09/2026 01:45
3b51e915-737e-4a40-be3e-c3756c1db431,dominant.expert,available,8.98,82.48,high,low,8,namecheap,,,14/08/2026 15:41
3e46bc9e-c13b-475a-b650-97f08795b3f8,watertown.expert,available,,,high,high,9,,,,
31e763f8-dc93-44f4-b686-77f08e6943ad,caracara.expert,available,,,high,high,8,,,,
3d0f251b-7a75-480f-b602-551ec94d0465,duplicating.expert,available,,,high,high,11,,,,
ce1afef0-2efe-49d3-b0c1-3d1b3fd09aa4,tosses.expert,available,,,medium,low,6,,,,
19f0195a-c0e1-4e44-b3a9-c6f328396a7d,onager.expert,available,10.99,62.49,high,low,6,namesilo,,,20/09/2026 00:38
f51080a1-46e9-4f86-9c54-ae01add5fce0,lagger.expert,available,8.98,82.48,high,low,6,namecheap,,,22/08/2026 18:42
6f52ea17-6cbb-447c-b83d-0afabafaa61d,rename.expert,available,,,high,high,6,,,,
4c48c3e3-870f-45df-8fe4-8c11627e5f90,representing.expert,available,,,high,high,12,,,,
2dfa3b42-a08a-42e0-a52a-3364dd76526a,fribourg.expert,available,,,high,high,8,,,,
65620f6e-00b8-45c1-963b-861f3ad673e4,loftily.expert,available,8.98,82.48,high,low,7,namecheap,,,15/09/2026 12:38
a986dc84-0af5-4d6a-ac46-b1e93f118a9e,beholders.expert,available,,,high,low,9,,,,
991bff5c-4fdd-42f0-8adc-7221433b3950,brooks.expert,available,10.99,62.49,high,low,6,namesilo,,,24/09/2026 10:47
37603888-728c-434e-832e-429e8b8c42be,deceitful.expert,available,8.98,82.48,medium,low,9,namecheap,,,13/08/2026 21:06
d809234d-d08a-48b3-afef-df922a7278ad,mott.expert,available,,,high,high,4,,,,
5b0c6b80-8e03-4610-ba7e-89d7c966dea3,caramelicious.expert,available,,,high,high,13,,,,
e79992c6-826e-455a-9a9d-dd5dcb96414b,spyhole.expert,available,,,high,high,7,,,,
ca69f5f2-5a05-433a-bddf-c0e400b0ab24,wife.expert,available,11.99,,high,low,4,name.com,,,
8e40e1ba-2212-4e5a-bcba-d0896ffabd22,seas.expert,available,8.98,82.48,high,low,4,namecheap,,,
e0bc0efc-cf47-4f99-92ed-db4d20b3183f,praises.expert,available,10.99,62.49,high,low,7,namesilo,,,19/09/2026 00:10
222f082d-076a-4fa3-bfd8-00158463c670,scratchy.expert,available,8.98,82.48,high,low,8,namecheap,,,
5979b06f-f7f1-4d89-8eb0-daa80d9d845f,semantics.expert,available,,,high,high,9,,,,
38bf22c5-2f00-4ae4-bee5-478ffc5e1d16,taffy.expert,available,,,high,high,5,,,,
91a6d727-e76c-4ddb-930c-53fb6ae2dd00,spendaholic.expert,available,,,high,high,11,,,,
3872c82a-ccbc-4003-85f0-e3a09a7526b4,storekeeper.expert,available,,,high,high,11,,,,
d13d27bc-53f5-4136-a2f6-1273869637c4,tuck.expert,available,,,high,high,4,,,,
fb848eb1-eb1c-4afe-8f33-ecc2763a4b27,maryland.expert,available,,,high,high,8,,,,
8921b16b-b38c-42c8-9d21-ba427f0ac953,glamorize.expert,available,,,high,high,9,,,,
3dbd3de7-be62-41aa-9355-de1cdb844ee3,hittites.expert,available,,,high,low,8,,,,
6eb60da0-f1f1-4a90-a24c-02b69b43ddfb,singled.expert,available,,,high,low,7,,,,
98342359-ff1a-41ed-93f6-1ff2d455a42b,timekeeper.expert,available,,,high,high,10,,,,
ebdd4185-0ad9-4da4-9127-4ee484c5281d,emoderation.expert,available,,,high,low,12,,,,
8fe6b2c4-d7f7-4223-a79c-f13edd9f3eb9,cocoanut.expert,available,,,high,high,8,,,,
d95f756e-96c9-400e-a667-4b583b2418cf,sailfin.expert,available,,,high,high,7,,,,
31c1f87c-d4f2-4be6-953a-b358f4ec46c7,sidesaddle.expert,available,8.98,82.48,high,low,10,namecheap,,,16/09/2026 01:43
9f9aaf47-c166-430f-8c81-4b8bc9cbce5d,lin.expert,available,,,high,high,3,,,,
8ed28229-e6b0-40d5-a5fd-bc72e04f13d3,flyer.expert,available,8.98,82.48,high,low,5,namecheap,,,11/08/2026 05:11
a2f86e1f-96f6-4d0c-93ef-e9003607e5e9,correspondence.expert,available,,,high,high,14,,,,
60311c2c-8cfa-46ea-ac58-4b787003a714,babycakes.expert,available,,,high,high,9,,,,
47701cf1-1f4c-4a1e-a9b3-11a5ee4bb4cb,penal.expert,available,8.98,82.48,high,low,5,namecheap,,,08/09/2026 13:51
cbb9e285-8250-49ee-9594-ae1fcf4deb59,monogenic.expert,available,8.98,82.48,high,low,9,namecheap,,,25/08/2026 05:13
87e02431-4193-40b6-9e50-47c1621328ae,pendula.expert,available,,,high,low,7,,,,
f8d66236-42a4-4e0f-93bd-65550d67bae1,pushcart.expert,available,,,high,high,8,,,,
14955c87-995b-4102-bb6c-befa524dd251,viable.expert,available,8.98,82.48,high,low,6,namecheap,,,17/08/2026 16:52
6bc7c660-b16b-46a9-96a2-b24748148ac8,lesson.expert,resell,,,high,low,6,"GoDaddy.com, LLC",25/05/2024 02:57,25/05/2027 02:57,25/09/2026 21:42
547f70c4-e744-45eb-b4b7-38bb2190c96f,rhapsodic.expert,available,8.98,82.48,high,low,9,namecheap,,,14/08/2026 23:52
309fc3af-b932-4cb0-aa8f-c635a02defda,kilometer.expert,available,11.99,,high,low,9,name.com,,,
cd42abc1-ec71-415d-a017-5826dc2537cf,supercenter.expert,available,,,high,high,11,,,,
d4875f6b-ce2f-41ec-ad78-1ff7f0398b6b,majors.expert,available,8.98,82.48,high,low,6,namecheap,,,23/09/2026 14:46
c2482acb-5cb6-41e2-80a9-e9ba251ce2cf,feminizing.expert,available,,,high,high,10,,,,
c942b3a0-9456-4a95-833a-fcef12c96709,dijon.expert,available,10.99,62.49,high,low,5,namesilo,,,24/09/2026 22:19
8045a526-9ae6-4328-837b-faa69906236f,baccare.expert,available,,,high,high,7,,,,
dc0f15c5-b975-4aa2-bf97-f235884a5f97,omgwtfbbq.expert,available,,,high,high,9,,,,
0f0f4630-4e73-4a92-ba65-062960bd60ce,ahmad.expert,available,,,high,high,5,,,,
cc26e85b-baf4-49b3-a2dc-94b194f36a12,anzac.expert,available,10.99,62.49,high,low,5,namesilo,,,19/09/2026 16:00
1b133aa2-35cc-403e-a2df-435b2630e490,raspberry.expert,available,10.99,62.49,high,low,9,namesilo,,,24/09/2026 06:43
bb013854-7249-49eb-b1a1-0591dd9f4065,avahi.expert,available,10.99,62.49,high,low,5,namesilo,,,21/09/2026 08:36
09ee085b-0089-4a31-a539-4fce630a400b,whelps.expert,available,,,medium,low,6,,,,
771d0d62-0f06-4b22-9d59-d75f4ff9c77b,mythologies.expert,available,,,high,low,11,,,,
11c4fa43-1f8a-4a78-af6a-0435eb3bdef6,discerningly.expert,available,,,high,high,12,,,,
02a00c41-ceeb-49bf-9d62-c6e01f748ed4,weymann.expert,available,,,high,high,7,,,,
fd45c0d5-bb51-4344-abe9-48f782631933,joachim.expert,available,,,high,high,7,,,,
c8938fbb-36d2-419b-9178-f7adc08c4d88,agreeably.expert,available,8.98,82.48,high,low,9,namecheap,,,13/09/2026 18:22
83f8a9f5-c8fe-48ca-8396-11b1c7351100,unlogical.expert,available,8.98,82.48,medium,low,9,namecheap,,,21/08/2026 20:07
5eedaf70-e993-4cb2-8ce6-dfd5a105779e,papua.expert,available,,,high,high,5,,,,
5d6702bd-0579-40e6-b1cc-d13085728885,serotonin.expert,available,10.99,62.49,high,low,9,namesilo,,,16/09/2026 12:37
7cb74832-8968-4ec5-adde-a9f58a0d11e8,fredericia.expert,available,,,high,high,10,,,,
1b9b08fd-86d9-4b16-8e64-4f83bd73825e,landmark.expert,available,8.98,82.48,high,high,8,namecheap,,,25/09/2026 11:29
62bd207f-6c7a-48d4-9e99-f36e660e52fa,gran.expert,available,11.99,,high,low,4,name.com,,,
9a325450-45fe-4cce-b230-5abd53f80ad9,wandering.expert,available,8.98,82.48,high,low,9,namecheap,,,25/09/2026 21:06
48730f16-60e3-4034-ad62-aaf81a75292b,bantam.expert,available,8.98,82.48,high,low,6,namecheap,,,08/08/2026 14:01
f298fbbb-321b-4253-97f4-fd1cb0566a2b,myotonic.expert,available,8.98,82.48,medium,low,8,namecheap,,,03/09/2026 12:15
31023fc0-1058-4bd0-96ac-23534e8960de,complementizer.expert,available,,,high,high,14,,,,
3f1a0de7-5ef4-44fd-984f-7ba0aa424281,halle.expert,available,,,high,high,5,,,,
7dc4c2b5-38ca-45cd-a45d-493468c6e092,outposts.expert,available,,,high,medium,8,,,,
bba48104-d60a-4ec7-92ef-655d3d1efdf2,atonality.expert,available,8.98,82.48,high,low,9,namecheap,,,21/09/2026 00:25
1013b6f2-1dfc-467c-9515-ccb5da1c412f,prerecorded.expert,available,,,medium,low,12,,,,
cac0c104-5336-4cd4-bdd5-425337409456,standby.expert,available,8.98,82.48,high,low,7,namecheap,,,10/09/2026 18:37
f7784d17-66ef-4bd9-97d8-4fae9ef32701,emancipate.expert,available,,,high,high,10,,,,
7a4002ff-7ee9-45a1-b4a4-5543fcb637f1,neighboured.expert,available,,,high,low,11,,,,
988c8ebd-2d52-4743-b86c-fef16f55c4ba,specificity.expert,available,,,high,high,11,,,,
b6abf1dd-1067-475d-85cf-ad21df528ecf,huntsman.expert,available,,,high,high,8,,,,
4109f460-3f0e-497f-bca4-ab577a14460d,lordships.expert,available,,,high,low,9,,,,
3ced878d-aa1d-4253-943d-7fbee2a5620e,achiever.expert,available,11.99,,high,low,8,name.com,,,
be6cf798-18a6-45b0-9e58-8495f4807ee4,hashflag.expert,available,,,high,high,8,,,,
3fd29f5f-9992-4d05-b935-fc5f0dbc3572,emch.expert,available,,,high,high,4,,,,
78e4b7af-37da-4b5d-8f28-194779370a41,livelihood.expert,available,,,high,high,10,,,,
37c372c9-8398-478d-8fae-e9687207f44e,mailers.expert,available,,,high,medium,7,,,,
d50ee0b0-1e0f-4cee-b2ec-70ac6436c27d,golf.expert,premium,1000,,high,medium,4,name.com,,,
1ce44bd5-3049-4b6f-b6bf-876731d450e0,purushottam.expert,available,,,high,high,11,,,,
f2eb8ab3-4469-4a90-a70f-4cf9e0ecb43f,dioecious.expert,available,8.98,82.48,high,low,9,namecheap,,,14/08/2026 08:20
7c7b8a56-20c3-454a-babd-6b6cca4e9e0d,delhian.expert,available,,,high,high,7,,,,
d948a4b1-690e-41b8-be3e-b6c9e2766433,antakya.expert,available,8.98,82.48,medium,low,7,namecheap,,,19/09/2026 12:30
aa00394d-1479-410c-82e9-c446f07d0b7b,glee.expert,available,,,high,high,4,,,,
9188213c-12d7-4b8f-a3be-0eb3857e93e2,accomplished.expert,available,11.99,77.99,high,low,12,name.com,,,
a4c3e02f-8adc-4db8-bacf-06a86bf3706f,anticancer.expert,available,8.98,82.48,high,low,10,namecheap,,,22/09/2026 06:38
b04aac3a-3645-4ed6-a552-951994ec3aa6,segmentation.expert,available,,,high,low,12,,,,
65439357-fcfe-4429-9e49-66542060f977,balzac.expert,available,10.99,62.49,high,low,6,namesilo,,,22/09/2026 00:32
7f663d63-12c5-45cf-9784-40ac4326e1db,stemmed.expert,available,8.98,82.48,high,low,7,namecheap,,,11/08/2026 22:33
c55cf124-29db-4539-9dde-81fdf9b1be8f,unending.expert,available,8.98,82.48,high,low,8,namecheap,,,
b9d05f48-5aba-49ee-92e7-88378cc2d9d7,bundler.expert,available,,,high,high,7,,,,
924ae086-a5f7-4b57-856f-42fc3e13d82c,klingon.expert,available,,,high,high,7,,,,
67d8e428-3789-464c-bd3f-c229c2bf27ee,clump.expert,available,8.98,82.48,high,low,5,namecheap,,,11/09/2026 15:08
6c5ce864-25d7-4af8-b190-6b6f1b9e14ce,jailed.expert,available,10.99,62.49,high,low,6,namesilo,,,19/09/2026 04:16
af0ecd40-547c-4931-8e61-3464df0de3ea,matted.expert,available,8.98,82.48,high,low,6,namecheap,,,24/08/2026 16:52
b09e6b25-51d4-4ad2-a30d-67dc7f33ff8f,dotting.expert,available,,,high,medium,7,,,,
4c161320-3aba-4865-97c5-859234bdfac4,withdrawn.expert,available,8.98,82.48,high,low,9,namecheap,,,22/08/2026 03:25
d4a52087-1ac7-42d6-a49f-389d97eeb19d,cheating.expert,available,8.98,82.48,high,low,8,namecheap,,,12/08/2026 03:32
d8db153d-e22e-47c6-b5d1-e6de2feac14c,formless.expert,available,8.98,82.48,high,low,8,namecheap,,,
4ef59640-6b62-483b-b79a-a830eeaea5ca,spirited.expert,available,11.99,,high,low,8,name.com,,,
5e65c64e-1c39-4bdb-a870-1057202696c2,seventysomething.expert,available,,,high,high,16,,,,
c7f90850-098c-4948-bacf-99a429aa234e,preaddressed.expert,available,,,high,low,12,,,,
3dfec5a3-d7a8-42e9-9cf9-5c70fad9df78,billed.expert,available,8.98,82.48,high,low,6,namecheap,,,09/08/2026 21:23
175f3a63-9281-4f2c-a30d-121ea5704de9,foldable.expert,available,8.98,82.48,high,low,8,namecheap,,,18/08/2026 10:06
015ab513-32c7-4beb-9918-febb026a044a,loss.expert,available,11.99,,high,low,4,name.com,,,
423b772b-5048-4d4d-af31-8de07bcb9884,riddle.expert,available,10.99,62.49,high,low,6,namesilo,,,24/09/2026 08:02
f8bc189f-c44d-46e5-b154-b05fa44de519,acquiring.expert,available,10.99,62.49,high,low,9,namesilo,,,17/09/2026 02:42
79a0753b-1eb2-4f7b-912d-8b8bba83ea04,colourless.expert,available,8.98,82.48,medium,low,10,namecheap,,,12/08/2026 17:55
1f7ea399-5966-4d78-ba12-172ab2f17eea,mustering.expert,available,,,high,high,9,,,,
7ba91dab-03ca-4fb7-aa9c-fac43fa28b18,pantaloons.expert,available,,,high,low,10,,,,
f7058067-86d7-47e5-87a1-dff08a9eb905,spelling.expert,available,,,high,high,8,,,,
a683f92f-c556-4bc2-8388-c18e2aed7966,tapware.expert,available,,,high,high,7,,,,
1d03c871-da1b-4690-92b9-8dc635a95c32,tensive.expert,available,,,high,high,7,,,,
27e4848c-a4c1-4c01-81a7-bc0f852da94c,atrophy.expert,available,8.98,82.48,high,low,7,namecheap,,,13/09/2026 12:50
7f4df689-f1b7-4195-b5b0-ffb4958622cc,megafaunal.expert,available,,,high,low,10,,,,
d2021cea-f4f2-4cb2-a07e-af69397f9f31,friona.expert,available,,,high,high,6,,,,
c0728afe-6bbc-4128-8b2b-b37eb84ec223,nottingham.expert,available,11.99,79.99,high,low,10,name.com,,,26/09/2026 00:49
6091e73e-af5b-4a9a-986d-61e8ab1d940b,panther.expert,available,11.99,,high,low,7,name.com,,,
e8eba4f3-80e6-4ff8-a42e-f671c4e96fac,fumigation.expert,available,,,high,high,10,,,,
105c72a5-1730-42a7-94d2-34deb1b2a76f,honeypots.expert,available,,,high,low,9,,,,
84347419-bfc6-4e9c-8e6d-7994ad5d48b8,tetrachromatic.expert,available,,,high,high,14,,,,
80d05029-b421-488b-ab8b-41d3129f774f,subreddit.expert,available,,,high,high,9,,,,
758dbf31-862b-42f7-8a2d-028a77ebabf6,reparations.expert,available,,,high,medium,11,,,,
96e013a9-6262-45bf-82ad-be7ebdd96f24,enchele.expert,available,,,high,high,7,,,,
542eb08c-005b-4240-801b-b431a63e169f,repayment.expert,available,,,high,high,9,,,,
150e1088-7ce3-4b36-bf66-7ccf10044ccc,pedaler.expert,available,,,high,high,7,,,,
4a0ca02e-6a2f-4d25-91fb-4cecf0483988,anser.expert,available,10.99,62.49,high,low,5,namesilo,,,19/09/2026 12:03
744763fb-7617-46a4-bb83-5a06ea5d2547,mixology.expert,available,,,high,high,8,,,,
b36ec889-81a2-4c6e-be33-9948f8e1e746,pov.expert,available,,,high,high,3,,,,
4c105ad0-dba4-4c6b-8280-cdac82c24812,famished.expert,available,8.98,82.48,high,low,8,namecheap,,,17/08/2026 13:41
2d832c81-425e-42f1-868b-a6720868d98d,enlistment.expert,available,,,high,high,10,,,,